EventID,D1Energy,D2Energy,TimeOfFlight,x_1,x_2,y_1,y_2,z_1,z_2
211.0,126.78134258685881,36975.57932791402,5.960617732760996e-09,-40.99093475826092,45.73185840944048,4.00496971411567,-14.631546982346158,102.35,-55.65
242.0,268.92274154111317,56988.11581136327,1.2327057118195e-08,-25.652311531727314,22.587365228774356,32.94591748137452,9.587999760130398,102.35,-55.65
387.0,170.9687216773176,4542.5850375915625,1.4977025505146002e-08,-24.342049950072358,-40.37749902955142,-39.86770281453934,-11.561749904061056,102.35,-55.65
896.0,168.90033655000215,2601737.3533666776,5.769453939468001e-09,-34.37715370842582,-23.364685242044487,-29.54433524558357,30.933703158886694,102.35,-55.65
2754.0,218.6595464012995,165374368.7515944,3.8758862889200006e-08,-12.470523105896325,48.59888585966225,-43.765869895291004,19.150814742661446,102.35,-55.65
3081.0,158.0416817987878,62819924.54621588,2.9726900038322e-08,39.93920240989739,-30.251318526355256,-0.1279784535686645,-43.920382048611565,102.35,-55.65
3131.0,227.4183351771339,11291.796809569514,7.0688616750629985e-09,-45.26680735368923,-39.86228205712253,10.530441150044949,-19.6522968464027,102.35,-55.65
3301.0,198.21072792121055,226498.07007619902,5.921826533334668e-09,1.5185565218390042,-51.353661339287214,2.1413162703237516,-7.320398978680449,102.35,-55.65
3384.0,188.4053349326387,6469385.021143519,2.9420647952712e-08,-13.031466006645951,-2.3669617603543163,43.55429686038231,37.00086577620633,102.35,-55.65
3780.0,157.64004261571003,4098957.1208408563,2.7553961581625993e-08,38.70058439122963,-18.927433820652556,11.324661708175668,-9.8430085296121,102.35,-55.65
3782.0,100.10164182908409,1026115775.6037726,2.8115459075345332e-08,-28.482229282574,33.7708126941069,26.591192197000026,-53.01128488174154,102.35,-55.65
3790.0,93.89914337511901,186447404.10162464,2.3669861318207327e-08,34.174611539881624,25.879410060587816,10.090693713883354,-40.352032899784774,102.35,-55.65
3921.0,184.13526887157306,172082140.57854953,3.0245844771923e-08,46.437275823653984,-29.762961226933154,-3.102568853549372,-45.046272879197666,102.35,-55.65
4204.0,89.31685433514849,143938.7249887621,2.5753945940649e-08,18.828160671486028,43.163487715397075,-40.86021415279227,-8.448067948489362,102.35,-55.65
4229.0,81.88183422590716,184515114.88908315,2.5828116194254002e-08,-12.08115988989722,3.1038559355073003,37.28976301694063,-28.54424958688438,102.35,-55.65
4248.0,97.70971485544452,611194.9768884733,6.019395900090002e-09,24.92286177679921,-17.582104676507313,-39.36871540247833,35.68238321103612,102.35,-55.65
4303.0,128.08531065414658,103116.0721620333,5.869172832381001e-09,-22.96921893069869,24.79302081671538,34.28912673498524,-38.26087573673733,102.35,-55.65
4320.0,80.9096719393112,15689062.079979498,2.2153445932892e-08,17.463351404232604,26.676242842284882,-35.358405829224886,-51.170579549126806,102.35,-55.65
4350.0,81.73868052993278,64508033.753791474,2.2986643585299497e-08,-26.706712704622593,-42.39307153642449,31.99144082668614,45.32844777343492,102.35,-55.65
4605.0,122.61269975017528,719.0482851909878,5.4605262196730015e-09,-21.21662588861097,3.145180984522262,45.455338008811985,12.967079473453813,102.35,-55.65
5154.0,92.90577687376845,9793353.53520944,5.9895078180046e-09,-33.170007970750795,-41.17917334934076,37.523736441455,-45.01379216025233,102.35,-55.65
5559.0,67.66888384244753,2490371.9280032273,5.392819738427666e-09,-3.341262958598582,5.967364691340557,15.515002865168642,-23.643466590729908,102.35,-55.65
5816.0,97.41967144456737,569264.0105181551,2.3406354592680992e-08,8.292656466035002,-8.08857154980725,-7.536112322031523,-37.96663270467601,102.35,-55.65
6396.0,116.2913115112906,31839084.6193991,2.4301886106774172e-08,22.447736471272922,17.419604776033825,49.9493064088693,39.02090692345824,102.35,-55.65
6760.0,84.63790912224984,239046.06618413376,5.3533317522995e-09,30.307304575080835,23.561365708121603,-43.08964647682743,-19.247526577293865,102.35,-55.65
6846.0,112.49863502202183,613899269.9490356,2.3690001729270002e-08,27.990359549882385,29.08174262065973,25.338643210629936,31.759663943367528,102.35,-55.65
7636.0,139.73596512544637,14799262.43542942,2.9566246241639002e-08,48.685877092539826,-57.388966343418225,-7.807014357361389,16.579832860188123,102.35,-55.65
7689.0,163.2646516223272,3904550.9812745764,7.962695708087501e-09,-0.5297413066416845,-8.963245922400922,0.9798635967556568,-20.455283955401903,102.35,-55.65
8238.0,68.06847841457781,1885250537.782884,2.427371599870271e-08,43.77514530992795,7.757363310304893,8.19720305786004,-54.5182016900025,102.35,-55.65
8880.0,82.97056912462986,38141.6854781781,5.653382657324001e-09,-29.9496530464314,-60.1752577580603,-37.44054192507755,17.487381805222725,102.35,-55.65
8941.0,112.14258022366089,50553.886452484505,5.608985786596001e-09,17.147948966773875,-24.79600675169229,-31.366606111194688,-41.42980164455878,102.35,-55.65
9059.0,203.28122108663518,179501.56375050373,5.440177680507002e-09,-20.192847025128767,15.63751530361603,-27.59728606195388,1.4667983501059223,102.35,-55.65
9100.0,102.01104808658026,79215.55755764949,5.555610230234499e-09,-40.57806458440497,20.387919429652992,-5.7363180986622035,-13.137635375617453,102.35,-55.65
9473.0,204.02896655510233,988.7618846105634,5.805414534012333e-09,21.50364918416091,12.197622130529796,-28.662120310464392,-3.994772620409913,102.35,-55.65
9615.0,113.56520588314135,71058.14990547858,2.3549574026377e-08,3.692198827862488,-23.15124383401649,-4.863288373878974,-47.39017417405411,102.35,-55.65
9865.0,73.38270473775805,219603849.10924244,2.3007389800987002e-08,25.000439640758522,48.30597789830497,-34.616745971270184,-14.11985385323492,102.35,-55.65
9887.0,224.59380519909263,44044.19095185542,5.08845211509e-09,-27.338728211908215,-11.236974247266595,-27.045138215246915,-16.81819052498747,102.35,-55.65
10248.0,76.52386858833984,29654376.795371365,2.4349958086037e-08,48.913923431905005,-17.79628686258248,-8.672112837749802,-24.01947540642003,102.35,-55.65
10394.0,225.74376819641745,12238.330575766446,3.4701342151186e-08,-32.20187041841652,-21.71084357214659,-31.129212538010552,-41.06936963112411,102.35,-55.65
11272.0,214.81498602942676,653268.1782831681,6.1468936674892505e-09,-46.032716477648954,-26.6954169518745,8.28591936689616,35.022805089691765,102.35,-55.65
11310.0,284.36432466980807,661.256037578667,5.302190927396668e-09,2.502799985519172,18.067168657248686,9.74615273052887,10.883695038105236,102.35,-55.65
11744.0,264.3329081844409,709039.6392853159,1.6466407791522998e-08,44.860833721551764,28.09928346975322,-10.770104208741342,30.234413031249638,102.35,-55.65
12334.0,131.3589068199138,1359.877343182725,1.8759841267114e-08,-28.1194890499057,2.8983865572324525,-27.112072409254473,-15.383995109238539,102.35,-55.65
12342.0,65.24835870994316,60826968.679775625,2.5253921362990997e-08,4.293323660694426,41.31374346309044,-7.81544029638513,-1.863973596230387,102.35,-55.65
12382.0,165.57512881416216,98626.82365761093,4.824998575928672e-09,38.336492378992695,40.32103569513004,10.481278055789486,24.591726729374052,102.35,-55.65
12387.0,84.11402666988913,48686.46491660913,2.1401649518831003e-08,33.86121739618512,3.8312131926435504,-34.553355631461294,-30.68827181471835,102.35,-55.65
12430.0,79.75363009240446,43934.149680733535,4.930144023902001e-09,31.627295727859487,-11.15523061991272,-3.2695479447736133,-40.138955868036874,102.35,-55.65
12755.0,172.81314391834704,478467.4036528926,6.014296577373247e-09,-35.903602733861064,41.30341852351486,41.35038813158045,9.649236875099641,102.35,-55.65
12774.0,77.37557077695179,114476.76448019495,5.583180498932001e-09,-19.057614042178418,19.34823681131777,-39.45936108413916,21.601116913392886,102.35,-55.65
12864.0,170.8290414307503,15698.50474234402,5.356927296714999e-09,29.876048367475338,40.904905109405675,6.105925656144354,19.291840497670204,102.35,-55.65
14285.0,241.5242935898181,181021982.25339276,3.49842466253305e-08,-37.42419794432358,-48.989214286586424,-4.199703282673616,-12.980904775341177,102.35,-55.65
14651.0,101.42633553509366,207817762.06362012,2.3007976439248e-08,-21.699402249638403,-24.451991464161395,-47.2105027014077,-24.700331503959312,102.35,-55.65
14652.0,122.68754493324629,12370.844253116671,5.697583618328601e-09,-18.3635482822446,29.88317620876171,-35.63602954403835,31.10143755378363,102.35,-55.65
14754.0,135.65521729566018,212050.26114310033,3.633134722173599e-08,14.578131399205306,51.315121654159924,2.912720365587314,-4.9941969180485195,102.35,-55.65
15000.0,125.31232551468956,665706948.2998713,2.3441734583837798e-08,36.338139795538396,12.978660425510862,6.052678437086623,13.519885182964128,102.35,-55.65
15114.0,167.7867388288853,1066047.968538284,6.030626412209503e-09,-24.691126848529816,-29.171486739785486,-42.04025892678379,47.730155704693395,102.35,-55.65
15575.0,144.2509616716577,61724.94627506533,5.050911116159334e-09,31.445703471058646,37.6380260999848,-37.84943983198812,-24.70979116292674,102.35,-55.65
15900.0,101.8220633916044,12618276.324591601,5.195016048732697e-09,29.215563362465463,6.7902942073897075,37.58704643224396,40.9466820947234,102.35,-55.65
16746.0,68.79269194221739,13473884.509668818,1.8798812944766e-08,17.452170769610305,41.664236997601314,40.58126098997178,-35.781069986421386,102.35,-55.65
16871.0,73.0965590296837,249941.59675848947,5.2785498370515e-09,-43.63541702918661,-12.72948336725238,-5.336325999867029,12.58692958316477,102.35,-55.65
16911.0,78.2679961158431,4443.449668629589,2.1817462833181e-08,-25.406424077486363,-13.541626267951022,-35.22998458678851,2.490388001024206,102.35,-55.65
16966.0,165.38951028170004,84524.19152175002,5.112184962738001e-09,27.408652340918245,40.43373211289295,-38.92505907053664,-14.015385639514415,102.35,-55.65
17165.0,73.21213245192261,29812.205817342634,5.440516031950665e-09,-22.74844700926828,-10.45298665231596,42.589790206240934,-14.804498719900973,102.35,-55.65
17207.0,135.47605079508259,725156.6097545748,5.8261799713899996e-09,-36.08962667771478,-45.556351709309034,-36.6994770812845,13.63237678181233,102.35,-55.65
17412.0,137.9150668146034,2422338.3895646287,2.4935934804693e-08,-17.36130798895323,14.667770134809437,33.26313792941349,10.073654259407096,102.35,-55.65
17427.0,93.41137067211166,168197783.77695334,2.5300539551740137e-08,44.06544665759362,-2.1704008523689122,-10.67297633884388,-49.42988327758665,102.35,-55.65
17500.0,151.53992715700176,253494276.51148826,2.6597353861736668e-08,37.74918702822881,-12.850860795584246,-38.82018418969692,-11.618846132028345,102.35,-55.65
18135.0,89.10133333644674,22032058.37636905,2.4029945233094e-08,-38.70748022605832,17.219147321007107,11.129681712963306,-27.714767964091454,102.35,-55.65
18554.0,74.96579747570907,40135.63189757884,2.7633965306782e-08,-30.624105836276065,-29.15480485822422,-35.20146443005268,15.696364519937843,102.35,-55.65
18599.0,130.7202658335476,800389.8213259132,5.472806697642001e-09,-13.852662163531075,-20.537681456633106,-44.94854450781945,-41.96470851778992,102.35,-55.65
18841.0,211.2846935499158,78700.96637992735,5.268647248096201e-09,-42.875077948626185,14.688403522106595,10.80687655783595,19.971465523147426,102.35,-55.65
19118.0,103.43638791936266,21100679.020101096,2.6080798551454665e-08,50.84649490521432,-29.819163890030893,-10.359821833740801,40.76197819621858,102.35,-55.65
19348.0,161.3740768731583,2012.0935555249011,5.191074842010664e-09,-44.48675321648874,-12.472900530838087,-6.62834522831741,-36.772846757089425,102.35,-55.65
19413.0,90.40389846416228,6376137.421613366,5.905448164017335e-09,-37.777029644015435,31.907559343686113,-37.449806248801124,-30.310431456621984,102.35,-55.65
19966.0,153.2067835712576,10873.022941317615,5.495813001653999e-09,-23.298639746719058,12.50805552206591,26.823479454838612,-12.467362414817945,102.35,-55.65
55.0,110.13197058083625,353993.4646207924,5.1932296279329986e-09,58.99081278985843,57.35287508004091,-1.63420872523093,-18.554647121478332,102.35,-55.65
175.0,73.05512354107343,11910.257678107257,4.856775527594952e-10,-25.008543439261544,-3.515146440359068,27.613682599099008,15.215315047704701,102.35,-55.65
359.0,84.91814529552093,503511.4392089744,5.310948758974999e-09,26.973441217039905,-12.376587632259927,30.963536289633875,42.918929108547964,102.35,-55.65
390.0,145.17927633414385,121988.00495465889,2.1142299146283997e-08,-46.70629942077454,-21.403970176184707,-9.916910281813362,48.69017866330663,102.35,-55.65
508.0,168.61544367064147,4664.515436892402,2.9896287569017e-08,52.96294235503797,-32.23690893138425,3.0358629937213246,-53.64403563006967,102.35,-55.65
598.0,202.4029747354011,29817.46087302962,7.478921353662002e-09,-29.210863003499696,-39.13588847496977,-31.841778481275394,12.797872324770864,102.35,-55.65
1253.0,185.41633806622306,353699.1268124139,5.924936974904e-09,-25.776475238271672,30.3788013497551,33.48094988984385,-37.483275706284495,102.35,-55.65
1756.0,184.7492843493741,45808.3072352623,9.454850235669e-09,27.835946131193584,25.189474999404574,39.294485775396986,42.011021381837246,102.35,-55.65
1838.0,85.97400027316004,149930.46053344465,3.3171131602105005e-09,32.07856433877948,-2.253570513878509,39.00277309801637,49.46639246421419,102.35,-55.65
1850.0,80.3252797651686,3224704.7461005794,2.2964095050516992e-08,-34.548349793522505,9.34802222221877,-31.271285552808294,-6.655090282981706,102.35,-55.65
1928.0,102.4403304631751,11979044.794801747,2.2277576828007998e-08,-18.444159130990464,-39.876573342157194,-38.81052007225093,-26.102035727442885,102.35,-55.65
2373.0,128.37571867092942,9691706.323641319,2.9563119946501002e-08,-32.334835054496395,41.63400873803913,39.8599241335038,-47.04886917325098,102.35,-55.65
2860.0,179.89021346286034,4152805.5913686114,2.5605431270867003e-08,29.865196759856012,25.994227310944588,36.06067854543635,12.641747848469384,102.35,-55.65
2944.0,174.08033821509537,588158.7814103818,5.991156645479003e-09,-37.73534570776792,-13.242219497722443,-5.893688340799042,36.35178077533917,102.35,-55.65
3212.0,70.35464746393504,11701.01702760481,7.025478207205e-09,-15.304277606800174,45.458620176842814,46.5363169039927,8.855300895817374,102.35,-55.65
3532.0,96.27148355548688,45558.618246510596,5.5402663595866e-09,36.99067165994787,29.13381736045968,1.1774082761884979,47.31718523706768,102.35,-55.65
4070.0,97.51135311133764,25550.967592626443,2.3665399142718995e-08,-43.56824946332708,-18.88378505676901,-10.132490808821526,4.317281432991222,102.35,-55.65
4249.0,72.11193068650608,1517.9619987459703,2.2486574660638197e-08,-19.93236040500143,-23.48422317201487,-34.59007802712153,-47.46364291542809,102.35,-55.65
4533.0,122.2449666586439,22913429.90687471,5.6446421563745974e-09,-39.84822018909063,33.406000536041475,-9.837424637838216,30.959158409792682,102.35,-55.65
4662.0,133.17681087519313,431677.4892467084,2.8590683685898504e-08,-26.864737551575903,33.792596618972624,34.14854631438225,-31.341719166037002,102.35,-55.65
4792.0,179.56015218019738,7682.6764008140935,7.596336107042e-09,-45.939038200816945,40.357885845429465,10.474038097201133,-18.94261415091874,102.35,-55.65
4920.0,68.53532336969377,173299.79897053854,5.590914523949497e-09,-49.95527599381183,7.681835882555747,-9.235567839890395,-42.15709544933356,102.35,-55.65
4969.0,100.84736607499362,77382938.18235429,2.3912374002201997e-08,18.154272120825944,0.8081490088802028,37.314423350180334,16.93586433874273,102.35,-55.65
5532.0,207.4470723685606,3725.318339203569,7.109082280065499e-09,48.43716384199336,4.00631925869382,-4.162918007033228,-46.721467598866134,102.35,-55.65
5697.0,101.92802917723802,191326216.04072222,2.6931763199955008e-08,35.99471369104069,-32.296092625844956,-29.83512915735005,-54.957448803340675,102.35,-55.65
5770.0,66.7854625696969,13154859.661558734,2.353726037213317e-08,-44.988467598798835,-5.202973042525742,-12.424638771362519,36.37656911055263,102.35,-55.65
5797.0,69.99380149138072,142235471.39492074,2.3231292244693993e-08,-22.6788721001644,18.513149862244134,35.36920102476645,-11.332478304695119,102.35,-55.65
6077.0,133.40902850959802,51344186.07809056,2.6338830618603997e-08,27.396202823606075,-2.9528891849380154,30.382821546303234,-51.85406958205494,102.35,-55.65
6142.0,97.59619044215952,367479725.90802586,2.2943314619435287e-08,-31.037766506227136,-10.846370034762387,-2.0299529741726023,-20.788299832876046,102.35,-55.65
6695.0,75.96737760955199,5729110.839487971,2.5722480481165858e-08,30.821806246369963,-43.08543656838042,-37.398402063471174,-45.51060089972988,102.35,-55.65
6726.0,104.82467959948684,5464263.154901787,3.3317474322712e-08,38.319275756084544,40.88827932320048,44.11883129726263,10.178663529319554,102.35,-55.65
7181.0,170.66771295398001,63049.410582776196,5.242917751073001e-09,21.9922790599898,-9.98062957591473,44.96109396358591,40.39380265362112,102.35,-55.65
7493.0,185.84060257836313,1307.933900945516,5.136655882334998e-09,-23.070349499672755,6.966566035214123,28.576820201724786,33.90250860576662,102.35,-55.65
7644.0,124.74278347217185,30483.229242192752,4.089083146789977e-10,-36.77513332392206,8.929592473911047,42.23354841480009,-22.748947205089106,102.35,-55.65
7776.0,75.97773324344078,59216.663429915796,5.376382293697998e-09,6.942416119793033,31.978436382163295,7.20317218368872,-15.552709767112258,102.35,-55.65
8060.0,190.96412314355473,156404.21567928864,5.9567746055251654e-09,-28.827584744325698,42.371584976857115,-35.27979731765046,7.505800247576547,102.35,-55.65
8150.0,71.19796207956503,1661399.640765956,6.170945689057496e-09,-25.16618801413907,43.29979280669116,-43.47280840254552,-13.505199632768802,102.35,-55.65
8360.0,93.98414059249544,21161604.42253366,2.3646307620684006e-08,-7.797107741542362,-15.987802564142457,11.100728343736186,-12.71658158993744,102.35,-55.65
8408.0,81.5583140182167,24375891.157717932,2.1959651635266e-08,-44.95265233942247,-46.54210404100989,12.948589357380444,2.7865364951095373,102.35,-55.65
8523.0,80.55222693937614,319042941.8624612,3.04399814246815e-08,-52.67702412389991,-44.80063514419089,-0.9292711424088986,-15.170976660195295,102.35,-55.65
8820.0,102.4537034726266,1590.8629894300088,1.4044793463881e-08,-32.71901738035763,-21.634445637491293,-28.15463237585095,-6.728605064638597,102.35,-55.65
8997.0,199.3254344510308,93387.05462222476,6.267118502881999e-09,-54.083430004384844,4.9451056395643755,-1.7336981999569598,-19.023548694217205,102.35,-55.65
9137.0,113.88473918100395,60477324.10024854,2.4829836184235005e-08,23.047015001121476,-34.032073142458174,-39.78140531408814,-14.633102638105225,102.35,-55.65
9576.0,127.40105794867249,62083.34210276353,5.203707458592999e-09,2.9645289430423425,-17.583683483200044,3.9926238221197012,28.467944157804094,102.35,-55.65
9664.0,66.31712519555116,1556284.4073644155,2.0511065457788e-08,-27.760354548790787,-39.38668024986951,39.87577712782531,36.3367092946221,102.35,-55.65
9804.0,368.0090215682264,133527.82779802103,5.364396441450836e-09,34.864421332635786,6.267118887709571,33.87755544183205,-20.974368542022184,102.35,-55.65
9837.0,102.47211953561778,17660.39161028822,5.132316638882165e-09,11.72129539248851,4.141378770954893,38.031573638363845,53.7582495507715,102.35,-55.65
10232.0,96.18321468683398,397942413.22795963,2.3643043030927002e-08,37.52648962804456,0.9362185983153217,-2.9063158030071055,30.22700084030119,102.35,-55.65
10350.0,257.74616613847695,307554.0814232902,5.1471088838727504e-09,-26.40307234713526,-7.928359413256907,48.26028188377936,40.70432045164805,102.35,-55.65
10531.0,107.51524529113833,616024.4818533867,2.4996376276281e-08,-29.43634912147895,-9.255311961775739,-41.56771925185885,37.1258629185331,102.35,-55.65
10878.0,190.96565879777603,22174145.427802425,8.65829442752e-09,11.913514712499866,29.089803047412783,-36.07703167809885,33.766657309447126,102.35,-55.65
11029.0,164.6118327513914,33870.85506288675,2.697177614630483e-08,-27.387146913802468,-9.042835475300794,-51.16496832953931,10.504214652285931,102.35,-55.65
11270.0,135.34371623573603,21280678.18958214,2.7072868705272e-08,-20.462732331828462,40.623240828620375,-37.0086585729392,23.75044405206087,102.35,-55.65
11360.0,91.28780213065677,29225339.598613836,2.374410354243299e-08,32.30988944311466,54.44539403053355,3.845597479333969,-20.371867598168937,102.35,-55.65
11574.0,75.87065023437616,47934.12047910194,5.433566138130836e-09,31.175135567633216,23.626562221360377,3.3730241499231526,-10.575990681304413,102.35,-55.65
11823.0,85.65578576125365,68898.21987519415,6.0658889354284985e-09,-35.810026122837755,-49.523404184045845,3.5485007752718216,-3.0611199514587977,102.35,-55.65
11861.0,70.411539181185,55166146.686631076,2.36002547758352e-08,-40.69375737221132,18.988004990716476,-4.713783696437982,13.69769232929875,102.35,-55.65
12042.0,104.93693801544302,288721252.5517629,2.202479659482017e-08,-35.09417942511823,-37.13532649950693,1.6287939155355613,27.459503135779777,102.35,-55.65
12386.0,200.1807251926753,536847922.38590896,2.9646704705096257e-08,16.700332329430847,-21.178083793157835,-33.32765023330923,14.252891359769968,102.35,-55.65
12425.0,120.41213934643667,30104652.64594113,5.497448011387498e-09,12.181987397421148,4.396128322125201,-0.30908375603930627,52.233754020933304,102.35,-55.65
12787.0,101.30711516313737,367387631.3323995,2.4758515011369003e-08,29.90846186138077,51.19445360532933,42.62581246338658,-18.843811689121498,102.35,-55.65
12978.0,80.1642974720309,25329887.25431817,2.3200706512990002e-08,41.809864537248686,17.22136979971878,3.8338449262852157,2.386343808659498,102.35,-55.65
13156.0,130.1156284574544,99137.46580859003,1.5050162303806e-08,-4.5927316591759295,-24.826864366975595,8.976205425989317,43.219485758821016,102.35,-55.65
13703.0,71.27969492933667,186964.94232123625,2.2973714551573498e-08,37.33276770299671,17.381909014086492,36.40365361694491,46.40470494570308,102.35,-55.65
13755.0,134.24767588584922,1215213.1419944365,2.4646560485062004e-08,23.144796374640567,-36.56622858599908,-38.11843184363242,-48.77224094548778,102.35,-55.65
14299.0,168.33264942043536,1711649.9921385034,4.870747632398501e-09,25.074893169325765,5.2589946091363915,34.494631280960746,35.259942142106,102.35,-55.65
14350.0,80.73139036712227,1655617.7537675912,5.602831889655003e-09,-19.951302844235318,33.91869123872373,-36.39643883394002,-18.00908236639145,102.35,-55.65
14375.0,109.6534603306696,15092.679597076303,5.4302753221230015e-09,-35.55676027561396,-36.293196819023905,-10.165446411049325,52.10486679235563,102.35,-55.65
14440.0,97.84796295567125,66962008.90758979,2.3667603177876e-08,32.3732675427615,41.02611397334719,43.63263461990468,-5.479591969519301,102.35,-55.65
14747.0,164.97840041625307,139573.9087507112,2.23011902018e-08,-32.47646410010409,-14.532781189738238,-8.026800706141113,26.295999641939684,102.35,-55.65
14887.0,128.95518375238478,99414.71935058042,8.213278326663998e-09,-42.62595331279246,13.008489581264872,11.029686925458222,52.52561414142885,102.35,-55.65
15068.0,122.46963004035577,14743069.55094565,5.6146276028769984e-09,-26.957233265531347,36.53273527701867,-40.58157838515029,-26.30800099024811,102.35,-55.65
15106.0,92.80135698079106,45905969.03068831,2.5992387818781003e-08,42.0818140136908,-29.475925240309074,-5.788747650740843,23.928609098914073,102.35,-55.65
15480.0,157.19687773158162,277463.38561272726,5.330615084580001e-09,46.40362519675605,21.448591816482065,-8.616125141998696,20.25860704953346,102.35,-55.65
15538.0,100.23622401607713,2583575.5547545073,5.851297596034003e-09,31.022316513784244,-33.97704862040299,-34.81429429642141,8.093461154316048,102.35,-55.65
15545.0,235.4033569439446,60140368.62639,3.2422043457172164e-08,29.746833484178417,35.79046860370504,-33.156056344710684,-43.791280158263035,102.35,-55.65
15561.0,89.00552731017771,332138.78874306113,5.3659024256555015e-09,38.67717425502021,-0.20188624801898913,41.42102431991235,46.72548866115738,102.35,-55.65
15682.0,77.00694265149562,104208600.76690947,2.5096425634128e-08,31.625918589794267,15.713593775729342,42.3777104603459,3.1623843886301746,102.35,-55.65
15808.0,289.9229334176331,29906.85391945864,2.4088821587903004e-08,10.197517986797546,39.854198835543315,-41.975559205607325,38.068760666014896,102.35,-55.65
16098.0,97.68177362869437,164851013.19101524,2.4616420787480997e-08,-34.446236135416505,-6.571944747171919,39.119271686343865,-11.85995091372909,102.35,-55.65
16185.0,150.85328218929186,15204359.271634314,2.6961480240878994e-08,-14.471117728334516,-22.789784998271767,43.74513933016152,-16.14169553894579,102.35,-55.65
16542.0,108.58000085869564,20793.16752040345,5.235329461880001e-09,-31.030268564234568,-13.93502986610678,-35.08334476950179,2.2305563008900493,102.35,-55.65
16558.0,107.0462480620045,8442096.504585465,2.4528030577118142e-08,38.33397343443938,35.65021340268367,8.748963269535077,-35.34016999799282,102.35,-55.65
16971.0,212.48368979113897,5130484.625851803,1.6360603945003004e-08,20.595604944059314,35.47639757560164,50.308311348055696,51.412263289811854,102.35,-55.65
16994.0,161.45159336860078,16833.018522963153,5.940280987565999e-09,26.062071140421075,6.731132532476451,44.766254479543,-42.56932044446082,102.35,-55.65
17559.0,99.29073987761448,945659.4604898993,1.0623064195013e-08,-36.848855560282246,-11.586049817861879,-43.991077324778736,-12.620108635437797,102.35,-55.65
18177.0,90.45550393702197,196203.39917518198,5.577638958083998e-09,31.866798396869267,40.250523047966404,-50.29048148578721,2.3244747733356848,102.35,-55.65
18180.0,114.76604112104697,22804335.583561696,2.634900725022551e-08,-36.776454011154094,19.17542888131238,-4.839127230395566,21.13017769811314,102.35,-55.65
18544.0,154.0378335646756,95162.66718530176,2.64647580227484e-08,45.01347386672804,22.06638644001909,1.1936898748729932,2.047404425803728,102.35,-55.65
18641.0,79.90771444596008,145968.84808218808,1.7075000874643997e-08,29.453127445477175,25.327354576508252,-28.957476550783735,9.236051222152982,102.35,-55.65
18687.0,149.24953200984967,15561.14034761945,5.588638603376669e-09,42.525871061511765,9.548796049889267,0.18763686750577224,-52.7300873963075,102.35,-55.65
18699.0,105.04075741003773,85333345.52716494,2.5582261485522e-08,-24.446778341624523,-3.53297047178563,-31.21346093923296,52.46021152325319,102.35,-55.65
18722.0,181.2640961662905,490652.1076223621,1.0173549628897e-08,39.19740912777331,0.9567277324479035,37.15458463863007,-31.0907575287771,102.35,-55.65
18782.0,84.64150501677793,18588.897056032885,1.840074220612e-08,-6.218628918413776,33.53999799649448,-6.415872922342996,-6.7950329378821355,102.35,-55.65
19066.0,176.90546499908766,70959.15160044949,2.2867739598917e-08,22.35189855342371,-21.23755024261029,-47.77710858985121,-43.83889766296484,102.35,-55.65
19131.0,132.59208920009743,5126816.1347998725,5.207812157244003e-09,45.488615398806594,48.81944992813642,-5.995363369989472,-8.929987375413438,102.35,-55.65
19148.0,191.1646028061883,149363.16777465987,5.145707490021713e-09,-33.78553271831579,-49.31791801414503,45.77986562688793,26.346041927478556,102.35,-55.65
19267.0,106.20944064612732,113083.78348742136,5.643564186960001e-09,32.39053268826598,-11.922972219706796,29.236838795602875,-19.07859271091674,102.35,-55.65
19279.0,184.97550915884761,295246.8519584525,5.676022511203463e-09,-48.71977750096171,10.711300470763874,6.432127821948574,14.84613167093468,102.35,-55.65
19369.0,68.84410136675888,346938.75520658743,5.670714565436e-09,36.40812384637922,6.9404016275624505,-1.6413846746131562,-41.969124159877296,102.35,-55.65
19602.0,212.16115152952503,636.4797958360638,3.1780196306685e-08,12.300119734937814,14.415757025607226,-39.937649532691424,-8.271182391748148,102.35,-55.65
19616.0,179.45881941243815,127901.50260442021,5.1122869500173354e-09,-30.28261636935723,13.768330541425529,-29.797889474308263,-8.252150903497549,102.35,-55.65
19908.0,124.32164783945096,80385.94328116333,5.592756276832e-09,-6.150919978868024,-49.19713687874168,6.821949500128603,-25.168769606775395,102.35,-55.65
207.0,82.14532420032309,532243.4790751748,2.3787057585881167e-08,23.700700450782794,56.868489271612496,31.12251250168583,-23.42771036239591,102.35,-55.65
360.0,75.96265452224857,217018391.40750465,2.308532596891801e-08,-25.864049163511286,4.136665170905955,36.46400542576012,30.221764154714997,102.35,-55.65
370.0,124.6134976738754,56822195.87050413,2.5268062020572e-08,-38.233647086232054,-51.93258551370693,-33.94640940985608,-22.138279322838375,102.35,-55.65
669.0,174.78359986366874,2898172.263395737,5.5444915995996655e-09,9.106505611274173,22.210358050162146,3.9678150051688137,-23.886081096824295,102.35,-55.65
1106.0,133.17808389242052,404749801.4565769,3.1381238917969996e-08,3.1722799936421295,-23.30869857034175,1.8390619783256454,44.316143633838465,102.35,-55.65
1240.0,73.78137362015433,6221297.660871087,5.6085255946665e-09,-35.93202556932938,9.556432656919458,-44.18485021197241,-22.578276446966758,102.35,-55.65
1252.0,138.48456780234906,44296.07432868424,1.3878849691867496e-08,-36.26865261882164,43.09791578787723,6.415750910984918,23.78284764424973,102.35,-55.65
1759.0,79.77331847157282,1036621305.7363576,2.3307834732763997e-08,-11.75109557304755,7.802221093212127,41.12863295932928,31.924111103137086,102.35,-55.65
2008.0,127.27402981540712,30130359.183249623,3.896799632931701e-08,-18.508357915653757,30.562219540996814,31.839059589980007,16.9104585097098,102.35,-55.65
2081.0,108.51384692122785,601.3100014773433,5.266181711392999e-09,-52.41612864417082,-57.20092976197141,4.648687638563879,-9.910189173804532,102.35,-55.65
2203.0,157.593553442496,1431298.8937847083,5.588740018187999e-09,21.4596772938049,41.04737656633831,-53.9135202369969,-4.64118110898526,102.35,-55.65
2281.0,258.3685812618873,6436977.107441169,1.17350324687735e-08,-14.742455938975148,-42.69837761247945,-43.29689783865925,-19.633232837899076,102.35,-55.65
2512.0,102.4842622560964,9374896.785308437,2.3912499132446002e-08,-26.39004646578028,-51.83206276986054,30.912071992018326,-19.652976286364293,102.35,-55.65
2721.0,100.52586311101913,6864.847523162176,5.3465792019166665e-09,33.056231129484964,24.15317007516036,10.356558623689834,23.364917303479963,102.35,-55.65
2796.0,127.58026518378328,90250.92470625322,5.748514021072001e-09,31.613468304697726,-9.642405514367233,-5.355950331609469,40.36436263024392,102.35,-55.65
2821.0,119.86483693719588,250054.54926332223,5.371106330830998e-09,-35.237610619739854,-19.38851023977922,-5.194033345343785,-19.771681160601087,102.35,-55.65
3035.0,116.66311198221482,112162.44572785703,5.321396816976002e-09,-20.4685569249011,-46.22349809350659,52.17727456318448,8.252505244485054,102.35,-55.65
3140.0,68.13465275109495,1017577.7339875313,2.7227977671417004e-08,2.6836512315330543,11.35249601363864,6.551540386418978,41.34294056339499,102.35,-55.65
3444.0,72.53737560229422,1734272.2245262077,5.569129644377499e-09,-29.62576731810822,-44.821437667704764,52.179798131955195,-11.229404131260912,102.35,-55.65
4102.0,217.67428684277866,33603309.0638252,1.1640659487145002e-08,40.743448736719884,42.570871786672996,3.972190854875187,-8.043734716269002,102.35,-55.65
4245.0,129.53539014746136,23304.98901630676,5.404398140221002e-09,-8.679641983105828,45.453614868768945,5.458412168765492,13.200148785975731,102.35,-55.65
4477.0,113.94915980812006,3789772.5375752943,2.3284382278161823e-08,26.27365542140434,14.93270029077574,-41.47215108175579,-39.84087579793733,102.35,-55.65
4643.0,134.77494485266104,105717261.46177916,5.334216409719501e-09,1.4206820260710098,21.912200862597125,6.710207836317576,21.92930961019619,102.35,-55.65
4701.0,138.81046004395074,233631.418168333,4.262240744674666e-09,22.335316389762827,-19.33180568248123,46.56225519495334,6.71607706582721,102.35,-55.65
4805.0,223.99239559143868,56496361.294679925,5.969163428341836e-09,-18.57275521047324,13.076325790954208,-40.510048374094,33.785956977321185,102.35,-55.65
5154.0,140.9168662677026,2969697.897000967,2.6968694562098998e-08,44.05925623408182,-10.783953934224687,2.989289632528596,-22.25167059859277,102.35,-55.65
5518.0,153.75053128411454,641614.2347380319,5.340923256286001e-09,-27.890916951287323,-20.457014116032827,37.28841117947958,-17.629562541520617,102.35,-55.65
5570.0,100.65995662314282,265100.63964356086,5.862133801594e-09,40.31472184478302,21.61177070347988,-34.61715441668837,40.28414932133331,102.35,-55.65
5721.0,167.55049611486447,154340.1622379147,2.7484181907324e-08,14.554801143278045,12.832069314410028,-45.276624619215646,21.60087223524273,102.35,-55.65
6059.0,89.45107579663427,21323434.14682793,5.4262782797486e-09,-8.96304575056765,-47.21081238817149,-3.2246335750385775,12.491737818427826,102.35,-55.65
7071.0,109.25639558958697,3825102.5188003588,2.6280637299851998e-08,-36.92629045675527,36.05785730326389,6.404056717832708,37.78123739259812,102.35,-55.65
7088.0,75.48545122546744,1755152.6689704354,2.2990718244057003e-08,-6.8509675628759545,-28.28686366602097,-6.241831264213429,35.405034026108304,102.35,-55.65
7120.0,173.627181379137,35847655.14251948,2.5422804634455496e-08,-44.98181380908982,-9.660987576938982,-0.6858586627898842,15.739985976343197,102.35,-55.65
7162.0,81.71286467557952,770661.9458594671,5.357442380218004e-09,-46.21065864680089,-53.80528970300549,7.02155050450151,21.510567720334397,102.35,-55.65
7171.0,83.16807861482428,13609528.520203903,2.3705656416704142e-08,-19.079514710756694,39.39774035101332,-33.74461192080592,2.324433838102532,102.35,-55.65
8050.0,103.87984759689857,554941.7852071902,5.386003889762001e-09,-18.853560733499222,23.99289877254348,-31.618396193415304,-35.57462826468978,102.35,-55.65
8142.0,90.47564396421826,1241.7118487902435,2.7316899593665e-08,-40.48682216379096,-7.915175136117871,7.985688220325815,-44.85145156195126,102.35,-55.65
8300.0,130.44199445891059,20213152.363410015,2.3497737620095002e-08,-35.917731949829985,-6.27218692101306,-9.262414053882653,-33.48774782060312,102.35,-55.65
8414.0,91.45914845034468,34069.43319953377,1.0108063150710002e-09,13.588997556409765,-7.269658952339728,31.36610978578262,50.88663194426428,102.35,-55.65
8485.0,148.20778001014935,632780.3368548278,5.701508858163002e-09,18.828884071340113,-38.256414244757934,41.84345274632404,19.405418471725437,102.35,-55.65
8763.0,167.19055574177915,2421964.999857952,1.6223884196143e-08,29.49815699125175,0.5329848704900916,-30.469614861167,49.54519294399198,102.35,-55.65
8928.0,152.18157130175743,171081364.25655633,3.335522049787999e-08,44.49974626313816,-39.068980089047805,-12.503817869042368,17.59679206735415,102.35,-55.65
9137.0,116.6781607340365,1104069.9777837307,2.917685864599e-08,-50.650826946699425,-42.29673027802357,3.127265409937811,-8.768524913776279,102.35,-55.65
9891.0,135.3832037306157,22443198.036154922,2.6435277074378993e-08,43.04840275606433,-20.82238886795212,-4.690529361543608,-52.216672500017594,102.35,-55.65
9927.0,125.04164233879459,57958.08200544828,5.663268236432001e-09,-38.919689647504114,-49.882930492981615,46.026551023293315,-16.868256458116747,102.35,-55.65
9953.0,128.74226834480132,79301350.45962977,2.5084400045134326e-08,-0.46259547999358985,27.24870044091556,11.415604248396798,-28.912257613759586,102.35,-55.65
10180.0,156.95339692806633,5437338.571420906,2.7805155835723492e-08,55.42730520439974,-20.129726230497706,-0.3581861770930943,-3.9873846852287453,102.35,-55.65
10309.0,107.85026977559694,11196089.96061904,5.285579921323001e-09,-5.0080388255876915,-52.91706078345179,12.42815144710119,-17.02077582077527,102.35,-55.65
10460.0,194.37950189357971,2976.9448645792145,5.258086749323499e-09,26.20693728794877,-2.537325184016341,30.111445007707495,34.58433615970392,102.35,-55.65
10468.0,215.86741382981026,5601508.762327558,6.316363116457665e-09,30.21299433602623,-7.119385964615122,43.63862701606195,-53.17042456197531,102.35,-55.65
10484.0,137.6195055803692,15379284.458432961,2.467300374594e-08,-14.153330266665305,-9.522915445866275,41.94383327127694,30.475314454241214,102.35,-55.65
10824.0,188.51915355316586,4202974.440072701,3.079130557526667e-08,-21.782629614692027,-31.540057220944295,-49.04921718769435,48.34071447029031,102.35,-55.65
10948.0,115.92087158360518,2676143984.3651333,2.4787945539511004e-08,44.88093899958262,38.75955099199757,7.121477161550891,-49.241751969124905,102.35,-55.65
11481.0,143.37315897972223,10823.886556069543,2.6097294719439e-08,48.724272526517964,14.990435693423967,-9.178516534414822,19.982117385297983,102.35,-55.65
11525.0,165.6079087154796,13912716.097076748,2.2749022037499334e-08,-17.637888335885194,-40.71670908633921,-43.39705590278685,-3.6848539171544394,102.35,-55.65
11670.0,156.60773416577416,11222.689715204075,5.550894304090999e-09,48.54420174750983,21.97579653392342,-12.158697945222132,4.323198110757696,102.35,-55.65
11933.0,98.89083190623509,27077911.845451817,2.3795259032619003e-08,-29.453844662736635,-38.25593368219268,-50.89087835495623,-37.20975086343625,102.35,-55.65
11958.0,111.55110397400908,7757.10825631412,5.358884153904002e-09,-17.45556372596109,-21.584944953965795,32.13684824132044,11.895689287713463,102.35,-55.65
12443.0,161.5857557440455,30228402.110395264,5.523743551421001e-09,11.199605815824391,44.10635670745401,32.11754792736773,-14.629474048499645,102.35,-55.65
12881.0,75.83318075876294,8460.901836394723,5.813214203087802e-09,30.194138180900804,-37.75911803521571,26.370638361366186,45.422222412524526,102.35,-55.65
13346.0,109.67694425209011,15728.494398154331,2.4411913920969334e-08,-38.51407168200777,-50.6715376373294,-38.555762719395176,24.83154663175651,102.35,-55.65
13531.0,286.3915725326782,562102.2403343456,1.7204340356445502e-08,-20.4481698315871,-11.204803865014114,-29.199841825785416,49.718044677473515,102.35,-55.65
13653.0,100.72570804735248,11525.935199602287,5.112559178954e-09,33.66745604749053,34.19082577731244,3.8312313452924913,30.583428287494293,102.35,-55.65
14430.0,279.40665136009636,231095.42497757182,1.1351863275452002e-08,49.67820188963379,42.711323115978885,6.49556096154536,-39.94110673426625,102.35,-55.65
14591.0,75.34917175110724,105378.90686558899,2.3417693831679396e-08,32.41030180036463,43.32931738717059,48.638380606082215,9.449452187075206,102.35,-55.65
14633.0,151.55235625652185,2143528.247649758,5.764257038746662e-09,-19.27983348860782,-56.44792122003086,47.63079931129763,9.53876786848858,102.35,-55.65
14661.0,103.95951376789954,62594970.79084253,2.4271843572100998e-08,-29.488619753101002,-46.47751766927761,44.031371811302584,0.05648786284171403,102.35,-55.65
14735.0,127.62699192346457,21921.46525043022,5.397525621975999e-09,-24.68208396795846,-49.799468478945464,31.37277211632385,-4.437495354680417,102.35,-55.65
14786.0,77.34922385162814,17807.684591901463,5.826412077963001e-09,-48.67888300047723,-8.43537282406209,-1.2059957577901663,31.025732031502315,102.35,-55.65
15085.0,104.79486509933017,6458.786014396761,2.7140552657381838e-08,-22.206531335021644,19.172964753475657,52.53519204583582,-30.249801184544957,102.35,-55.65
15178.0,154.9105192828952,37420.342241862236,5.280344581505005e-09,-41.56155133873209,-31.07019330727146,7.051107034276571,-27.767081349625958,102.35,-55.65
15558.0,111.78343630376106,6943.2257938879375,5.283281880368401e-09,25.565876389004146,22.521355588327157,42.2406223155825,-11.5495204115711,102.35,-55.65
16701.0,73.03733328682287,1165213.9088745564,2.2515540936847e-08,-5.478979852958306,-21.839694795709562,-8.329162340432125,-9.768772007139395,102.35,-55.65
16876.0,135.69945907884852,4446890.19091868,2.7457629631449712e-08,-31.55942123190386,-43.2062608057053,44.71427479091966,-21.655595204280722,102.35,-55.65
17085.0,171.2147393457925,15725879.70643949,3.1609778288789496e-08,18.765265122002344,-21.3091542750786,-45.08629535220783,23.39231899185285,102.35,-55.65
17099.0,85.22572762531722,7852697.354927494,2.3161242648591e-08,-26.889685836030228,8.97540208840242,43.94125931086308,42.02807419009557,102.35,-55.65
17193.0,141.69261647541322,443134.6615965608,5.887599630520001e-09,-18.856912431012052,-5.46959964330389,31.06558093715013,-48.24063677358931,102.35,-55.65
17264.0,172.56679721753747,3214884.186571604,6.316371940124e-09,-17.09855004306307,24.988659941863887,-38.78006336952396,50.589118684186396,102.35,-55.65
17290.0,74.1174290634446,196757.67625714839,5.070050666902998e-09,-29.894803830713542,35.45420016856137,4.394096114248605,15.940401640756075,102.35,-55.65
17327.0,132.28318407036164,15108634.993408358,2.7196798514332994e-08,31.899330430346094,46.69259104844582,-49.84096594558718,-14.001289707772738,102.35,-55.65
18295.0,148.8608202429663,46968.44017977724,2.7696556914945e-08,-22.460951250519177,48.286320636526426,-49.779944784739534,0.051201668484097684,102.35,-55.65
18381.0,139.83795801402155,14627.608288591166,5.854941053692998e-09,34.774095827664986,-47.32838567745773,4.808702567993734,-10.966209941723331,102.35,-55.65
18824.0,103.14626635442082,1218846.024461092,5.605895269471399e-09,2.4120437060404925,21.743494708896787,-5.378624578465119,34.18127457560994,102.35,-55.65
18958.0,140.30790231840925,382800.0879423462,5.187700405397e-09,29.586310831305912,5.270173040288971,-43.56957080774698,-10.709665416791406,102.35,-55.65
19223.0,128.91305539495826,184644.91435801965,5.6584599380610014e-09,7.321929177610912,-11.116985838156811,-4.10799625171355,22.027124815724076,102.35,-55.65
19323.0,107.7682668493623,18699.26348138431,2.3860634079218002e-08,5.60962888488001,-24.27518966492569,-10.38474314630691,-6.225528924867985,102.35,-55.65
19650.0,277.88785298030797,17597038.079906013,1.4966087571080503e-08,34.84590043252548,-44.921577792926534,-45.6430855702976,9.931631131213583,102.35,-55.65
19708.0,197.06172748299267,6250.3378675192225,6.441583399402996e-09,-34.766589978081804,47.901560833755155,42.823185055990805,-26.31189334574641,102.35,-55.65
19827.0,185.67892858347614,16748813.473315608,5.478730984503829e-09,30.171211162463226,34.817804227212974,-51.79496462394935,-8.558158383879466,102.35,-55.65
96.0,166.67190643978483,48790218.79013289,2.7859855831586824e-08,20.304921720221767,49.70324593484865,-42.661055529111636,14.32270214859158,102.35,-55.65
388.0,152.48420694853888,122358994.56627072,2.6390014106157436e-08,55.17121694646135,7.1581301063162766,-1.2987595301636323,36.222349020306225,102.35,-55.65
1000.0,99.21041814298574,157656.3555911909,5.354914663556402e-09,32.022583185384335,-11.050544173369854,49.71895101910687,49.659410630173944,102.35,-55.65
1112.0,129.2324059318297,2889.8739113387305,5.085594587195168e-09,-4.872996943437355,-9.90845519630445,-9.704737310424857,-27.083848407693957,102.35,-55.65
1133.0,112.00046905688448,1725897.349657019,5.6775939650554e-09,17.03391459494239,-8.599658683400396,45.26525098906845,-15.085924479306188,102.35,-55.65
1191.0,100.37192792130584,99347.24254523995,5.7472585826545005e-09,19.95365143999719,-15.187658633082274,40.74247375538597,-5.1458238440587465,102.35,-55.65
2033.0,101.56894879248156,10822543.559676427,2.4891417289432007e-08,-29.860641337390565,2.5638743313767103,38.9027721896744,-12.06743416419252,102.35,-55.65
2111.0,197.142096449079,6339134.3863673555,5.490440492645998e-09,-25.959405906103584,-28.041788285149256,-43.83369111932845,8.329310979605955,102.35,-55.65
2467.0,135.37459864948326,24253268.303210806,5.3292304643995e-09,29.145236565655164,55.63778207701229,-34.462939372827506,-18.03419879314556,102.35,-55.65
2995.0,158.3884509528463,1998.6666750067682,5.373149267490999e-09,33.4246472732272,-2.4878145987789817,-8.437219281117,-15.538158396812381,102.35,-55.65
3150.0,180.69534651872124,156811.95047368397,5.878640940742998e-09,-27.540269197142223,22.775516641313153,-28.407106743366565,7.9008568127833465,102.35,-55.65
3620.0,109.17287143569926,152618.63507154767,5.5237484150959994e-09,16.738364770624973,35.05714282655291,37.88245529500507,-32.37091919770765,102.35,-55.65
3694.0,67.58278082117725,5319896.076071998,2.5892649770247332e-08,35.432791655537606,-30.844518035708386,4.378107013989391,44.099773085175215,102.35,-55.65
3855.0,133.57974266972417,49156.442751244045,5.583233812270999e-09,21.218290410094625,-7.502103994005385,27.21575356977861,-4.175022797640102,102.35,-55.65
4028.0,113.99865019363054,6717491.105461565,2.5715933457635995e-08,-44.693138021139454,36.06664705189784,13.174881426261074,-8.79587321408086,102.35,-55.65
4101.0,93.61340289018199,16596603.787341878,2.3470881895691993e-08,22.217262251975985,46.8644867924906,-26.57371427821535,12.826756062917747,102.35,-55.65
4141.0,101.33272809131856,204239601.61003256,2.3343837585972163e-08,-1.8039640267765897,27.751318454963915,-10.80281947914768,-33.535585654616234,102.35,-55.65
4599.0,143.46664384492584,333539.54985530087,5.306672711625e-09,-21.96518558404496,-55.97571086925207,-42.905673959068125,-17.91745572865544,102.35,-55.65
5212.0,171.63085410220214,2295188.8126232307,5.7157156111432e-09,21.57740789329657,-25.89764334689951,-36.653739880275246,-7.987305579519285,102.35,-55.65
5215.0,194.32813743125055,52426.5230847155,5.5978929238569994e-09,-17.869710312163292,29.550100655314722,36.35656729921789,52.667424433623545,102.35,-55.65
5573.0,144.41258620899137,94075343.95423856,2.741416547201e-08,-33.974725642231256,1.2263810231286318,-46.96462132883525,35.666487097773725,102.35,-55.65
5673.0,244.8723551604549,1181898.0715817935,5.343544547889668e-09,-16.875593883254545,23.259069189700522,33.13983803630984,44.56530983961139,102.35,-55.65
5681.0,143.35126741214984,58454917.34046022,2.4157135177892995e-08,-53.99811454763334,-10.873929641599153,-2.4848420875479023,11.666691456351193,102.35,-55.65
6058.0,80.08673125480145,4447.788048547969,5.455305777921001e-09,-39.892224896754016,-7.29763433464444,38.32224466131174,19.566905933170325,102.35,-55.65
6090.0,133.05823195856095,8384.29289416962,5.375655454749001e-09,-35.80315950280109,-39.32622691922744,-5.843394303487761,-48.744887276158586,102.35,-55.65
6921.0,119.6755524193909,537543.9010169059,5.669253837265e-09,-28.893245165912038,-27.944303161945825,35.034051917546144,-35.63796639849998,102.35,-55.65
7065.0,69.53155698420915,1902918.4930822686,5.6668365416570005e-09,-29.203381013103428,30.875506264929474,48.14883614960018,41.41854887633177,102.35,-55.65
7259.0,111.19983836435901,744573359.3267231,2.4316090594710167e-08,-28.287293456357443,-34.43937819616287,-32.44010634048622,-14.694483576007997,102.35,-55.65
7284.0,147.75891798082895,7355626.738923315,3.26258368802476e-08,-20.375242750132728,-14.757956726393743,44.120637576423796,-42.75231348730629,102.35,-55.65
7426.0,79.20851276452188,17665879.237402637,2.446366139442483e-08,-35.59119844158972,41.076565193701,38.590928207521,27.6134953515082,102.35,-55.65
7480.0,65.03655793219909,206210845.1997408,2.2552053015812003e-08,-17.480568084512303,7.730319039588871,-37.844682828145054,-24.410817759364857,102.35,-55.65
7831.0,167.25081858031132,7824648.626345205,2.8829673167838995e-08,-24.22017342118938,20.66447604046339,-45.670585123919686,17.107575666877093,102.35,-55.65
7983.0,131.72968646293037,66227.58006803997,5.530287434127496e-09,-24.97338126180724,-18.485283590161306,33.95566683623807,-48.61278448358537,102.35,-55.65
8140.0,199.01612514821863,859.1056815321558,4.903912418543001e-09,-54.85190101533241,-40.65573769224437,5.077555591100783,21.599356503352396,102.35,-55.65
10121.0,65.16937301988408,114241713.22797881,2.2807432783768003e-08,-28.087180178026454,33.42466881361056,-26.34252374899527,-45.30038070379657,102.35,-55.65
10369.0,204.13535457213894,99797.54054696164,5.780060075637e-09,-29.66870020204119,-58.30052940024796,-42.72284449971431,14.03315518236531,102.35,-55.65
10779.0,181.79832941055258,1928123.7679860492,4.8026242835785005e-09,22.675104760769596,24.174966566803246,-43.68744136131046,4.702227381513869,102.35,-55.65
10787.0,68.380872928851,6711246.138268456,2.3477524922413335e-08,-12.118915812947783,-19.145400344355583,4.771825378198441,-24.591089891827192,102.35,-55.65
10793.0,85.14414318111298,55005485.31048702,2.4033535760882003e-08,16.245174169258334,-10.269782196736344,39.57313558523498,-0.7405579149183514,102.35,-55.65
11212.0,142.30215622008788,648279.35561468,5.823320151083002e-09,28.14855400041297,-26.680469934726517,43.08711919694988,-18.541915387322078,102.35,-55.65
11312.0,116.46489537236705,75805.68388319008,2.1646637108706996e-08,-30.26779601505622,-4.568982509726611,39.672077910612614,-21.490802727008738,102.35,-55.65
11415.0,150.6761334480527,41137226.44159773,2.7159193244853998e-08,5.171871627732019,-10.97165413300675,10.696956416175516,-40.69628080170881,102.35,-55.65
11887.0,76.36346836521116,5687.60315972803,5.688908358577997e-09,-34.65700203557998,33.113445980247704,-36.91389797776739,-18.688006141466218,102.35,-55.65
12258.0,96.50266801906811,3698335.003815829,2.4565246037803717e-08,32.75639365907096,49.529632207526824,47.269165529691996,13.543823301259868,102.35,-55.65
12297.0,94.69049294753985,3904011.2924194634,2.5566752549746717e-08,32.06767514272333,-27.326168909675655,41.6845489738313,-15.075316373379582,102.35,-55.65
12807.0,85.88406559006508,66105241.70582409,2.222157116707467e-08,-28.46961315330578,-36.42654271311312,-42.9123735862885,-9.17817707881532,102.35,-55.65
12848.0,202.9603324514335,6415299.515943661,5.613028323166665e-09,-42.662744677683236,4.384021695103307,-5.98548078655984,29.5468293929829,102.35,-55.65
12895.0,161.14363177901623,48501.96381898066,2.9672450257902835e-08,-26.96093100102924,56.37565009497668,-52.89166338632687,-15.292741021651779,102.35,-55.65
13418.0,157.08775644498704,502199.326593947,5.830936539141001e-09,19.880909091229775,-0.7901232840700327,42.0541779579024,-41.160844184826416,102.35,-55.65
13569.0,201.9916524993017,10585.921505840706,5.9172699501839966e-09,-39.53655456579731,51.59577707751511,-1.298922206195022,-24.262111558357294,102.35,-55.65
13886.0,170.47989474286712,8669.082243460949,2.994269517112033e-08,14.562248119818717,-29.198714326809053,33.20850089962553,-45.23713875617893,102.35,-55.65
14007.0,91.94473199914486,16885839.56494758,2.5927522508392e-08,17.548716381340757,-56.33013478997286,-43.31036673918086,-11.630538329943976,102.35,-55.65
14436.0,209.5275832877304,2284001.0964596476,5.973118979677501e-09,42.8660853227998,-19.597925289092146,-7.979394679859203,37.73034455254558,102.35,-55.65
14456.0,263.3991736930826,65506728.51846539,4.0714096582561e-08,-48.06291014733581,-42.55617693180224,-13.317395271825479,-9.376507014737568,102.35,-55.65
14844.0,144.82837345249612,79315.41106463973,5.394972267285006e-09,8.264146714880887,19.575838215550643,-2.2279740689400542,23.49761324491918,102.35,-55.65
14914.0,127.22318264914601,8978119.2800309,2.4787130835564003e-08,-36.251045026215955,10.595641644935903,-47.44717450773698,-45.46331735572479,102.35,-55.65
15064.0,78.7395370198078,50890350.54224762,2.3274422734533e-08,4.779765800980341,-0.9784029007195956,2.5569268651094648,-55.78335603112144,102.35,-55.65
15330.0,258.3158626108885,5232600.680570373,1.3393912093953e-08,-26.38380979880763,-24.88874610294979,-27.23469882944143,42.91059925865316,102.35,-55.65
16008.0,98.6431285872183,465615742.4024763,2.4806404842600997e-08,-29.088402982343485,16.337650612185286,-41.68288729873485,9.973152376026166,102.35,-55.65
16188.0,66.04652081137357,255675675.77685332,2.1893132080538e-08,-2.905321805894375,21.083923428241757,3.676393627053033,5.064034976844872,102.35,-55.65
16655.0,157.7027379771916,52719.11723277291,2.7934373424692602e-08,21.75298383738012,-26.188224525468545,-44.83102506601179,17.510568696664066,102.35,-55.65
16715.0,178.18961118966922,70791.37239932189,5.286084937797165e-09,27.456165012015607,0.3604899449522112,36.38345498849229,42.02569324723267,102.35,-55.65
16859.0,135.2155345875356,31451591.808275193,5.6308994842939994e-09,0.41988786517282556,1.9910753359487283,-4.233390488096469,52.897076922135476,102.35,-55.65
16885.0,148.73426919424216,83623564.25771917,2.5812630516304002e-08,18.640895646384536,-14.309621319476188,-27.630060533054653,28.133736228903434,102.35,-55.65
16895.0,239.0995354914912,54496507.772857495,5.996557253740335e-09,-44.67973340169992,9.541186412459691,-12.905762823363853,33.05832849241267,102.35,-55.65
16969.0,137.2433600608501,20418637.39021956,2.6392183972411007e-08,-17.931196778463704,14.291867877253953,48.30932202163365,3.2605312092183287,102.35,-55.65
17070.0,144.11412530203305,147610324.7745608,2.5678082910195714e-08,-32.662569472608546,-17.836272644365284,-33.93738006663845,14.18713113377495,102.35,-55.65
17088.0,119.31193361783713,48373.31616417255,2.5045553655781998e-08,19.127877717390028,-17.869514541175135,-31.621458351315606,-4.051856297236432,102.35,-55.65
17099.0,161.03944437590877,74006.44594520556,3.572604812420501e-08,29.858108938399813,-29.65823115093325,34.103748335632744,-36.42923407985397,102.35,-55.65
17454.0,89.41864134671597,22623.6134779997,5.789092108068797e-09,-5.5075384466359605,-30.18033592888304,-5.260966096218674,-54.45743073387917,102.35,-55.65
17607.0,95.57305625453192,59730.916071090694,5.000159854748335e-09,-25.405953321548516,23.554861007256243,33.925659463345454,14.455723239186742,102.35,-55.65
17922.0,258.72663513150485,145063939.03736657,9.060343682111e-09,-49.08171119469639,-10.570778570987573,-9.01828103973556,-5.080111653934386,102.35,-55.65
18272.0,87.4286197008719,415285.8126859107,2.3510678419402002e-08,2.2269165069471466,-39.865221487907206,7.277462934540553,-36.6698349097667,102.35,-55.65
18284.0,144.95152672099456,6224924.524956454,5.378504164842331e-09,-33.282173051178496,-42.178435040946816,27.665937122597505,17.86003134521868,102.35,-55.65
18776.0,228.06142758748962,11171307.68382346,3.975681099878725e-08,12.1786476478081,7.083569751478702,38.40932367397391,44.37819107836108,102.35,-55.65
461.0,181.17940364164872,1728298.2220889884,5.648861924057999e-09,19.61375432685005,31.35305987667076,-33.57626262207276,37.802940985393896,102.35,-55.65
763.0,92.08686035207995,364331491.48168373,2.4137169562302995e-08,42.26672719517762,-3.3658798318604277,4.0649971636724125,-32.46757395136938,102.35,-55.65
1074.0,144.26757632892597,6112.755239952973,5.943094949266002e-09,-10.471280247302904,-32.23098941330613,-8.074239635091914,-42.15276637186697,102.35,-55.65
1204.0,78.6899968150843,113172650.9413512,2.4389200037737e-08,-21.08894419939522,23.938314559350495,42.43703820402744,7.059068335424063,102.35,-55.65
2064.0,131.29315025629631,149845271.18494436,2.4465989092327506e-08,38.62096544376838,20.51886843527367,6.547421547034285,-33.447030574131844,102.35,-55.65
2171.0,123.8479234367756,4131016.759025677,2.5851965676895e-08,22.684407719439903,-13.050482784026725,40.84860008988109,-19.968645632471517,102.35,-55.65
2769.0,117.77329978091058,496536.0180614363,5.281547421629997e-09,-15.168971107167039,-2.688202093926436,-29.69447576830452,52.81633768797378,102.35,-55.65
2885.0,72.01684285736646,54764640.76900672,2.4105089120942837e-08,-45.82300229432614,-4.206248878457087,7.89116976719134,52.02354369200469,102.35,-55.65
3043.0,176.07053757192222,4001.7894019552,7.169444343549998e-09,-38.34599267691051,-12.716882012472965,38.57059981758656,-23.86121873264702,102.35,-55.65
3412.0,134.06103506649313,117963869.97296295,2.5655514285519006e-08,15.343342845687811,-21.177019896874874,36.61752864526828,45.14327711793468,102.35,-55.65
3426.0,137.56374381146856,31258.448315225698,2.555038702822583e-08,29.441163506988296,20.703339673203903,-50.833936438113646,-1.7744111080586777,102.35,-55.65
3436.0,116.13306741738745,719878.9960605359,5.629261033259669e-09,50.77994575390768,38.35206904546814,3.6635254773197286,-49.407296521159736,102.35,-55.65
3585.0,167.4490448075423,2717517.1618282623,2.7637579082107497e-08,-31.461775553155203,15.233285041876922,-35.88768548257672,3.682194055562227,102.35,-55.65
3805.0,151.63719515042214,1017.230981395717,5.803495577346334e-09,-3.536294793373598,45.842529629754594,3.1061911424853124,2.515989079808281,102.35,-55.65
3926.0,265.721528123134,79211947.10091747,5.4334685568295e-09,23.230253529857144,23.449971686437326,-38.43721622402587,-4.205509183390034,102.35,-55.65
4172.0,234.51293536016962,7196922.21296436,8.164328103496e-09,-49.41965235520209,-60.32669980656875,-8.804503497783486,9.911092664774392,102.35,-55.65
4921.0,92.25142831088795,132400918.168319,2.5991659173235717e-08,-18.560509504728945,4.258409936242686,34.292660110662574,-39.386199807644005,102.35,-55.65
5107.0,97.06761946293707,58986966.435823746,5.494991936430999e-09,29.952868423527985,-14.798019325287504,34.276186220319936,-18.08671953487044,102.35,-55.65
5192.0,258.6239104190699,7730555.557820774,5.573444984852999e-09,-41.04502975837427,8.202666336046052,3.968316838731664,52.29951116105911,102.35,-55.65
5253.0,152.55138216558257,477181.2886943253,5.611881888695801e-09,-18.523943031945905,51.82840163721917,-47.36249244026292,-17.914940063561207,102.35,-55.65
5446.0,161.31004174036914,64710.921556992005,5.821147459556998e-09,-23.323831292787567,33.92264468142461,49.968812998520455,-12.237753883332664,102.35,-55.65
5677.0,184.83586319744117,3848.411933494278,2.9659728440572003e-08,-50.57435772557457,22.46291741577922,-2.48277008931527,-51.78000130974214,102.35,-55.65
6332.0,155.57369899906686,75017.29712242559,5.514289236937666e-09,19.820457631037154,54.57786271442714,-45.41640412944893,18.42150480473875,102.35,-55.65
6342.0,198.21495677628934,52875152.083809674,3.1301109095523e-08,-43.927645616609176,39.97926947798491,11.3877962023859,-29.76206543079544,102.35,-55.65
6643.0,76.48284320794251,9308569.509948023,6.4543227843920016e-09,26.653111669111027,-43.24607660121353,51.36700523205318,-45.37082728976404,102.35,-55.65
6648.0,73.94023989277221,48506.378183938454,4.626140505284997e-09,-54.21718223382116,-6.088394901564074,-1.2768237410129073,30.131488886688693,102.35,-55.65
7135.0,97.57478067781847,38225.92233626036,5.752781955520002e-09,-30.05294667204943,-40.548614948624916,39.601606439575626,-5.229352125702466,102.35,-55.65
7145.0,73.15750809584499,102413883.94619688,2.342876535163299e-08,-12.518610694348755,-17.91686209029715,45.82621139647195,-20.619102469189194,102.35,-55.65
7376.0,198.05560609681942,15675921.438058633,4.8664511844200005e-09,-30.96661400793456,-28.69913699649177,-3.622300103530912,-33.64130287881646,102.35,-55.65
7944.0,95.64779671216208,1103708.0077024845,5.346727610288999e-09,27.028240204105586,12.879159432144476,45.60475799610853,-3.9141222513257614,102.35,-55.65
8106.0,105.0720580686258,18099018.11406567,2.4591668102912008e-08,23.078555516512644,-7.260870708339659,37.98394431604169,-9.669747245611413,102.35,-55.65
8312.0,78.58210159643717,7644.546355927301,5.270110759961665e-09,-31.804162108314838,-49.511010303322806,31.598717387264404,-0.34085671691901576,102.35,-55.65
8598.0,113.46517631405129,2949812.635576894,2.4764217176719997e-08,-2.1208417735834577,-37.60874596481573,-2.0251580442195194,9.962683081736545,102.35,-55.65
8660.0,126.5235997343571,113733.02830599838,5.3143014229670045e-09,3.0413070375750184,-12.852750519283948,10.810619867125897,-48.66874188439357,102.35,-55.65
8712.0,209.67848349370357,349981632.47547936,3.5120278224062e-08,25.31641563275956,-23.633025778847497,42.13929873159311,-48.66699344222002,102.35,-55.65
8978.0,203.13315648427647,8374997.805899607,5.4907112924186e-09,28.505999875523507,-5.452004825480238,7.74549418972093,19.995191312791388,102.35,-55.65
9589.0,157.27657778742093,596240.2984248686,5.315152922331e-09,38.047139858956896,16.293235964821058,5.015918356811669,21.945514567474792,102.35,-55.65
9603.0,78.54105595264582,11515000.888037179,2.1704778028644203e-08,30.190155773276434,39.058217893541624,36.58935241124262,37.33716226905432,102.35,-55.65
9810.0,93.85324060627845,971.0569968532558,3.852710022460175e-08,18.765817353061347,57.20749177999621,28.832112673463726,-8.471356644005986,102.35,-55.65
9882.0,129.07128451984218,206373265.0735509,2.3672330922671998e-08,-39.25738468280826,-38.64937107478721,11.694829063866674,8.442346245796077,102.35,-55.65
9943.0,85.94752462026355,3189.0623561594675,2.1410896791371e-08,-31.917656567958065,15.421233302040914,-35.64529356977769,21.939908929194214,102.35,-55.65
9993.0,80.88427167171706,78750597.5517564,2.9509261466707253e-08,-8.226015924124408,-8.91881753191371,-0.8190184142828234,15.251190315550636,102.35,-55.65
10263.0,89.6034045350461,32838944.957566403,2.5346750986550148e-08,20.287933546940994,25.327770332531298,-28.54215897896049,41.200640694523216,102.35,-55.65
10274.0,119.20800740636726,538158.477423269,2.7190994485705996e-08,29.498741671399053,40.80481121902891,32.484022246459766,-10.544655521054514,102.35,-55.65
10456.0,142.2955835504055,84321.39219667153,3.9062022778370005e-08,0.4521977330638518,-56.65721427997165,-5.990578431787204,-6.1057542008042365,102.35,-55.65
10570.0,211.07755328274797,90641.49831176561,9.374163490759998e-09,-24.377773067826222,47.72843424297693,-28.174700141223447,-26.87945771921351,102.35,-55.65
10824.0,126.66942151604694,74939.41980537915,6.152331507301996e-09,41.19953828018146,-53.63629624207857,-10.959544273222848,-9.09002832235822,102.35,-55.65
10960.0,81.572560031663,27618.96278976059,2.4200258955059004e-08,-25.236454830251283,37.90939053218334,-44.47261390381296,-52.483157446486615,102.35,-55.65
10979.0,127.13034889667149,1812373.4897183748,5.211092472794001e-09,11.75246773559745,25.631576721205935,-4.1171245036803095,11.255161612167704,102.35,-55.65
11302.0,151.71403408934893,1636780.4406941468,5.4762523918749985e-09,45.66746137284022,11.364708177776949,8.236404752821246,18.10904419486398,102.35,-55.65
11381.0,239.53208151789454,2088.664335839756,6.1613378609781995e-09,-48.25703397336405,36.66032506588114,-5.780154549400142,3.914373030203941,102.35,-55.65
11514.0,157.44223120102066,1064666.8187498918,5.382552904290332e-09,-1.8006330322693278,-10.588695810500482,-7.29222392791425,-42.455353675574464,102.35,-55.65
11935.0,155.08473411662627,9824.907031212319,5.8569865702552e-09,-31.947178851080754,-13.398642061957975,-31.97484770301008,-35.80551015254687,102.35,-55.65
11951.0,126.2225996261372,8258.276964957462,2.4704667365907164e-08,-7.965023751090535,9.120326872972921,-6.339129053696418,-51.607789973222175,102.35,-55.65
12138.0,88.25592311440957,392632899.40571785,6.173511177073249e-09,-18.30424414963183,51.62252847805182,-46.312658594725136,22.61324524515227,102.35,-55.65
12422.0,73.83943431843076,6281991.059030111,2.244591373867501e-08,-24.66145640871293,-17.08950334722148,30.008113776512566,11.64164179885323,102.35,-55.65
12455.0,114.94780344477671,9280.614380254601,6.375245455145999e-09,13.450814829164365,-47.614433049041395,36.3528218878506,-4.662537012725656,102.35,-55.65
12891.0,89.46556829675073,376815.7161005209,5.5227017136828e-09,-29.84335049374236,-11.482231040139958,43.964704959270115,30.479903684077183,102.35,-55.65
13013.0,105.41185706409703,8307257.526598787,6.2500631564369996e-09,-36.395104443450016,49.72310809622194,39.5909904718747,21.786703800251438,102.35,-55.65
13619.0,150.8676224814498,1053555610.5811148,2.5870404460746142e-08,-38.232612031256565,24.51842971380208,-41.5892338628121,-16.442038026006152,102.35,-55.65
13784.0,67.10291142930515,12086677.326462032,2.2860949881331e-08,-34.663949020013426,-1.4511219919931526,-35.815965325642495,-43.63939454302594,102.35,-55.65
13785.0,126.08686001977273,11594.141725098712,5.965847247911998e-09,34.620216045441445,25.811144118132574,45.48457513637944,-42.305887086660455,102.35,-55.65
13962.0,141.6382782888576,36664.25679448032,5.957893982849335e-09,41.00018132209067,-23.670710178945043,-1.1229207647425183,34.9305680572909,102.35,-55.65
14380.0,80.71336127108675,25879.469188286348,2.4819516253696e-08,12.834623910659351,-4.073783505491791,43.145840466236805,-20.276277676739316,102.35,-55.65
14875.0,167.71655770976932,12143.777175023442,5.908363510102199e-09,-24.92455137701093,10.279589025874214,-47.577482331856885,21.40926628142738,102.35,-55.65
14964.0,95.99401128642887,125102549.32138884,3.5823984673727e-08,-37.96621052412863,-6.357557162061236,-3.7658265108283735,41.53492644876702,102.35,-55.65
15058.0,78.11375009142792,15243835.55384441,5.653383287448599e-09,-40.98883884387234,19.893615050371753,-3.245168182565397,-14.9531658753379,102.35,-55.65
15390.0,169.27731719894362,43876.40508988571,5.204228983811998e-09,2.077255243663116,-37.65108832866398,2.531868844712193,12.936363480456228,102.35,-55.65
16069.0,70.20168858522757,9172765.194328861,5.340778028553497e-09,38.980729777941484,37.375680870145246,12.799748242857383,37.871263224823736,102.35,-55.65
16211.0,223.5982208842966,959837.2860070418,9.368607394444e-09,52.92414955997963,30.99909039934233,-7.277208298921505,-35.955912802798586,102.35,-55.65
16383.0,75.95623113821095,20615.40760205375,2.45004269473496e-08,-43.32646643482817,-31.12599791770942,-13.139306755569741,54.92326555154471,102.35,-55.65
17044.0,66.03209196299724,144818012.2708645,2.4985309286352856e-08,-42.185971634164666,20.774499356796106,-10.866515766024568,13.77460622748962,102.35,-55.65
17259.0,125.967198335959,49522.210719548166,5.478314811753001e-09,-3.9602864991673603,-17.27845235882367,10.025975462488782,-25.77169315860929,102.35,-55.65
17519.0,142.31582079658443,29709654.699585117,2.7888010796032158e-08,-16.723531010515917,-20.26769839416494,35.760715257932326,-43.24055972465613,102.35,-55.65
17838.0,94.84004541107862,42971.0443750857,2.3561293156911006e-08,-1.8858574245502877,-45.11959223161212,-11.024659177584534,20.623289172408995,102.35,-55.65
18065.0,125.19887329880723,6657.973876944362,6.970917070920024e-10,30.177305915661332,47.86705972251096,-26.314686965658886,-13.315576476180233,102.35,-55.65
18282.0,159.9994923347025,18023.529953843932,2.2972666665798002e-08,-26.020863492746855,-34.13225136130815,49.61297815152843,-45.183717809141,102.35,-55.65
18306.0,168.77785660780552,23866589.78572427,2.9078291643957e-08,-26.847073428852667,3.03399084647112,42.904251714052556,41.688131325078345,102.35,-55.65
18517.0,108.51348861958489,167597761.12182242,2.5032180221553667e-08,-37.806062954763966,12.858744211008073,-38.79007268740066,5.042169824510166,102.35,-55.65
18822.0,163.5835397254951,197423.78692733415,5.6122867481575e-09,-8.407391866444902,-48.4097962972707,-9.661834971191283,-23.61740157548945,102.35,-55.65
18976.0,108.30780446806608,17390.993287348098,6.133825224387999e-09,19.645650903021647,-13.267815674597783,33.6287206516009,-19.335288375591524,102.35,-55.65
19041.0,124.5710578473223,7471610.430599535,2.438493759168717e-08,30.354825842225644,37.9478089282365,-6.193186460628484,-44.28603499607057,102.35,-55.65
19304.0,175.85062288445292,3242791.8528534644,5.985473158280999e-09,43.962142319646176,-30.703728287477283,2.017527437619627,30.04466990956687,102.35,-55.65
19337.0,143.8312878335267,22361810.774778955,5.964725806806799e-09,-30.000003441782894,-26.554081310043777,44.427655657746485,-26.143905378678028,102.35,-55.65
19420.0,195.01568741792727,903074471.1748484,2.8860570898047996e-08,-15.553920146510427,-47.95886831300703,-35.788078578842374,-8.283899298068286,102.35,-55.65
19816.0,190.17566234763538,81539.28237840775,5.263096561641868e-09,44.60612098103062,56.15491168053338,-5.898174972640337,17.30665766436364,102.35,-55.65
19879.0,68.21922385183854,18097446.49043462,2.2176963413393334e-08,-24.069581037918798,-34.77338633887236,33.033917178019784,44.30032970787495,102.35,-55.65
19965.0,77.36539555087296,218335259.38199994,2.1713043982692994e-08,-34.10119642424572,-38.66223943650926,-30.024954162589292,-42.2115483668016,102.35,-55.65
