EventID,D1Energy,D2Energy,TimeOfFlight,x_1,x_2,y_1,y_2,z_1,z_2,NeutronKE,arm
875.0,167.46560929105877,3016.3857962660927,4.629614693292998e-09,-32.77182721863206,-6.648045466259562,-5.0936828798316345,44.445976971405685,102.35,-55.65,3.0323490405041716e-17,-1.2598988443672383
908.0,261.31465981297384,6133.409800985783,1.0045127314251502e-08,13.511980927632825,41.89798095136249,-49.199100060131144,3.9540614385510056,102.35,-55.65,1.4097944416577266e-17,-1.26096668193798
991.0,75.66708313804757,3225256.721946998,5.2915394017354985e-09,14.608344486771395,15.14272558739357,-37.05441349753991,-15.949880593808256,102.35,-55.65,2.5228047048742466e-17,-1.4598903514773858
1082.0,136.4485250966816,31631.394821481583,5.255363342999996e-09,8.774127134370659,38.743526032387685,-10.22354863440128,-33.06546003665532,102.35,-55.65,2.588409022647147e-17,-1.3657432771889522
1121.0,145.86701865213263,29447540.809919965,3.318472006369e-08,-51.92351496528116,40.64548525972347,6.993554191316937,23.186832930199465,102.35,-55.65,4.6393339203442254e-18,-1.1052612921655893
1309.0,182.55174581159446,1115.634810946752,5.76855935036e-09,-44.08146456665412,23.643224638211773,-2.9627026623634354,34.24197239046301,102.35,-55.65,2.5534211481266052e-17,-1.149791825437038
1401.0,101.37145245348998,84363.38230702336,3.0846866372932e-08,-25.445265039992343,40.70578125936534,48.38019677166051,29.546573310943657,102.35,-55.65,4.67836586740185e-18,-1.2191755331877905
1729.0,98.52539554447765,825756.4312990289,5.900935380869999e-09,-25.611071128538075,-13.249613790244384,-37.393343055402724,36.5285736082666,102.35,-55.65,2.4818344345001676e-17,-1.1530955797180946
1732.0,103.67942723029115,7384.390231319549,5.345153240878e-09,23.63817548512667,1.650203846998634,46.27439923470087,22.580460334830605,102.35,-55.65,2.5267752933044845e-17,-1.3946383879851967
1915.0,75.81958594920543,26435551.2776962,2.643909444725199e-08,37.310749112896836,44.253900783470165,34.89895963189987,-14.993865484892478,102.35,-55.65,5.252881883824515e-18,-1.3102715114595502
1938.0,186.92536902324164,739468.3600203187,5.669763908320196e-09,-46.98464166420384,29.591434372128596,12.726146468502845,45.58143440885135,102.35,-55.65,2.6384356572130437e-17,-1.1191788922263477
2425.0,120.9198690118972,1202050.3440431824,4.028770300992667e-09,48.609618141036435,38.74564178766938,7.026478425404521,-48.333524319482564,102.35,-55.65,3.486163125673253e-17,-1.252452715579661
2471.0,104.96470761166327,17499840.438484862,5.667702230500001e-09,32.720871736127584,43.82414804228703,-32.1891173905621,23.603976813740143,102.35,-55.65,2.481331050238004e-17,-1.2512370326010804
3524.0,72.71641829611943,44057.77333587697,2.644834554086784e-08,10.681445257095776,57.129210076964576,-5.926386526709428,-21.933323123866426,102.35,-55.65,5.2392041397600786e-18,-1.3165066733729367
3548.0,144.05828127462698,34783654.31706146,3.4801514890415493e-08,-17.44380640020927,57.693777532944736,47.841082964392044,-14.341139419218432,102.35,-55.65,4.4681535970031974e-18,-1.0896986201746377
3588.0,121.32299534412945,60551.562440044734,2.8417284142837598e-08,-42.67806877826875,-51.045052350094,-0.17670541040405519,-23.03473527368106,102.35,-55.65,4.7112276899087015e-18,-1.4822170645760313
3705.0,102.42887925147716,15081.288965873304,5.145764062230001e-09,32.38511120418447,9.43336820625777,-30.180718853074485,-16.66128518685645,102.35,-55.65,2.607709246857837e-17,-1.4288639675218424
4053.0,92.88483771809159,55839767.94495452,2.79096912661795e-08,-4.807210891860147,36.26497468792146,-13.43078531817294,-13.542128885308273,102.35,-55.65,4.898546302374233e-18,-1.3716197167884279
4152.0,69.43535451724802,210743669.86390144,2.5974710868312e-08,20.48186109364191,41.170564126040475,38.259630943058966,16.18268520032844,102.35,-55.65,5.18671645412971e-18,-1.4279234983196953
4533.0,73.68962067836196,410904.63268707984,2.6646397234493e-08,-42.47248988418948,-3.2184148208844165,6.0879088010556455,33.27207793641394,102.35,-55.65,5.187544600559469e-18,-1.3250452990611667
4597.0,70.44832778772918,23049375.146281864,2.5703622738458502e-08,39.4334730029946,30.648529706320105,-10.060732679200148,-51.48149962903285,102.35,-55.65,5.329533612339456e-18,-1.3549968217644783
4682.0,99.18677146091055,52498.93819050788,5.489834541022603e-09,-2.1635317411079344,-50.992455822618886,0.6536640529606332,8.723738103579782,102.35,-55.65,2.5257369997301235e-17,-1.2923270672987246
4771.0,83.41319646846752,56938.019124995306,5.582575984729999e-09,27.316726342404287,42.474856816232894,41.175163640975356,9.374710411316151,102.35,-55.65,2.4284197807230606e-17,-1.3748815152056213
4881.0,90.32601290225482,25538.73763236849,2.7063730643738e-08,36.279228479532044,32.87447038045243,-46.033983672006066,-21.81641406549226,102.35,-55.65,4.947393661838052e-18,-1.47134277473993
5111.0,66.01517511147509,35598371.67543498,2.4833304657158e-08,-44.74551136447194,-29.616016472272317,-3.406375138595815,29.2020275594661,102.35,-55.65,5.4644632338485386e-18,-1.3910988939213689
5184.0,79.76368275822745,2592.911511286279,2.0844501811652e-08,-11.00867611654535,-25.51586665128484,8.309813822651304,12.39787793773749,102.35,-55.65,6.376739368256331e-18,-1.520472536625997
5524.0,70.46658938198313,2598372.5252431286,5.562041009138e-09,-22.512862806594296,24.865027720533497,35.879149815300714,29.527998800485065,102.35,-55.65,2.4854619608458137e-17,-1.2983232888576544
5528.0,113.10678837962182,10471.491085396341,4.787758486673168e-09,40.2976176556414,35.262987263702875,-13.60045052644294,-49.26077235892022,102.35,-55.65,2.8345848075439607e-17,-1.3719758456066535
5739.0,201.19540413693795,6137853.571191883,9.895654274708002e-09,-10.860390389636382,35.200267788599184,40.6818792245105,43.92983954461411,102.35,-55.65,1.3930771141227648e-17,-1.3345895045591893
6341.0,72.46920267484401,32091849.991827913,5.508991149435002e-09,3.4278826324890157,50.11440159690722,9.200343164720664,23.97609988807043,102.35,-55.65,2.514591770161644e-17,-1.2917444630006032
7156.0,69.10806912215617,27446.43687291891,6.011221108204e-09,-12.872981696244086,35.848082756741505,36.726768793192825,-37.613238319545204,102.35,-55.65,2.5256007593371962e-17,-1.0793082733361647
7223.0,121.97462244626709,2081.2204977219717,6.227283975680997e-09,-47.130462971086935,54.723140739412734,-11.407282963674588,13.372004942203223,102.35,-55.65,2.549939589194197e-17,-1.012714010309372
7990.0,156.05613088466401,62053770.42839727,3.03450376173815e-08,-22.632115232744624,-23.19072452574154,-37.69347828182626,-28.54722035420424,102.35,-55.65,4.367818294406884e-18,-1.5885974912979428
8044.0,85.9619062999289,5606722.283256566,5.804351506220003e-09,38.904595108382445,-27.687610312744162,11.285106538646696,13.920047945502338,102.35,-55.65,2.4741517245444348e-17,-1.195235518329442
8330.0,77.8355528734255,28299.724675847556,5.0409437168785994e-09,-35.388591474070836,3.6734668761325575,37.18005428343694,-11.653933109677281,102.35,-55.65,2.8230083993814055e-17,-1.2149439530106971
8473.0,94.76522990407379,2471.864888736315,5.485689877098002e-09,33.2920123135881,-21.795506451229762,48.16553228403099,51.63515845940194,102.35,-55.65,2.5550330958152076e-17,-1.2590836910847363
9198.0,85.67123749275144,7397812.296177043,5.8455232223200015e-09,-32.73738910841901,-37.96050377058511,42.19123160590549,-38.189264633331376,102.35,-55.65,2.5407905164770888e-17,-1.1225762552745302
9399.0,89.16616479648016,3401403.119518899,2.6979571703975e-08,-47.182731965912545,-3.988975186450116,4.294802650525913,-17.679175667764053,102.35,-55.65,5.1299382099328265e-18,-1.3259810000440542
9427.0,82.83560367963271,311523.9360064952,5.273789100316498e-09,-16.661300288563837,-2.441167047065505,-38.55328167269937,-16.693623558792027,102.35,-55.65,2.542942950290885e-17,-1.4300682475580266
9560.0,127.45344338814343,484066.833663732,5.726449914931001e-09,-52.83807632587484,-18.001952457269347,-1.9845680153621095,22.137844831761853,102.35,-55.65,2.3923190854814362e-17,-1.3380002297551663
9567.0,91.49339027888928,1909.4992404269965,2.7574111161521604e-08,-39.99646940072247,23.84625973586437,-40.53464092205945,-40.51318108328466,102.35,-55.65,5.175615504648599e-18,-1.2400324824178977
19.0,131.15648789749557,139534535.78248852,3.138956957688599e-08,-23.92275850797605,50.27974166405288,-38.45823435429171,11.224083234018606,102.35,-55.65,4.842075177373272e-18,-1.1222946171931034
106.0,224.10728332628335,1230739.3348778747,8.257234234099668e-09,-15.485905908020525,45.013254981138004,30.84646888682527,-18.07065506315419,102.35,-55.65,1.7862059633101003e-17,-1.1580868317194244
178.0,76.41419708118575,5478619.496332802,2.6171642390148993e-08,0.12669934004680727,1.0009481241026403,-12.862331757813001,-47.09554136435433,102.35,-55.65,5.17321129963901e-18,-1.4060278453096016
222.0,113.3495392727457,254531213.17710468,3.00289098491055e-08,-18.795182507400174,56.56966535845646,44.614090636126846,20.78676073230905,102.35,-55.65,4.9270216836648296e-18,-1.167686349721728
398.0,90.92216828189328,228824.00491945562,5.3693533122121985e-09,-4.186118559676474,-31.582154553727015,7.531606255316979,29.991975396992935,102.35,-55.65,2.5255279569634985e-17,-1.374247242078724
499.0,129.23278196022625,38662.425783163184,7.280181371728e-09,38.177397186003404,-4.488134418303638,28.942546910445213,-11.460913002094017,102.35,-55.65,1.9391495247378692e-17,-1.2474273430023475
1765.0,68.7480190535447,19687465.269837648,2.6160715380501143e-08,-3.86494304577978,-47.63639854153863,3.3109762494014383,5.973576388685821,102.35,-55.65,5.249135793897536e-18,-1.3458881461333438
1790.0,69.64040986945392,8188.763947584366,5.713747903651001e-09,33.743897484690336,-39.31516765728688,-5.566291949222393,-37.87388383780389,102.35,-55.65,2.5949673329033365e-17,-1.1234214867500008
1991.0,72.1123110871245,146280023.32524303,2.6274901326137004e-08,-0.6241041373555772,6.120802919302389,-2.994535916598169,43.31078876407705,102.35,-55.65,5.252175614666611e-18,-1.329781185060762
2161.0,125.40807501160546,3482911.5837826743,5.6360421450692005e-09,-32.483868808899324,-11.955950152057119,-48.92800811593652,0.7285727146155798,102.35,-55.65,2.4797820467903027e-17,-1.271456283971874
2201.0,73.26108577249668,81867712.21566492,3.1014555970621e-08,49.30610402034306,26.48919864990229,7.972256865630635,-39.50647089279982,102.35,-55.65,4.4972247887889595e-18,-1.3000986235424985
2230.0,130.96737945891385,34862293.615724094,2.9607002306201996e-08,14.849139129239814,-22.400554078959857,-46.39519857140239,-8.402052277803696,102.35,-55.65,4.715796530258974e-18,-1.3127239718774726
2305.0,77.6837000698782,33430.7820814091,5.369626520388e-09,-26.553908841737016,21.336474798043398,-37.791900857330106,-45.02725270985746,102.35,-55.65,2.5773980843152518e-17,-1.295324033369683
2432.0,204.66116315824956,139150182.1324356,3.6917188865228e-08,-47.311002099535386,-35.52035157857236,-11.568896396046377,35.48987027623668,102.35,-55.65,3.7493694442552425e-18,-1.366541875253156
2696.0,87.75950394358753,4788533.769079774,3.026734309546271e-08,-16.62152862011798,-32.73496173705491,36.34721709085127,-55.48106238103684,102.35,-55.65,5.076021439515123e-18,-1.0903643566526688
2706.0,90.44207130449628,283116339.7154303,2.8744665690482e-08,-9.165832315742858,-25.821616507860675,15.608324212674386,-50.438620274600744,102.35,-55.65,5.012808506520743e-18,-1.2175563880876903
2985.0,129.8589956850815,3147365.716640708,5.170952305336e-09,-40.536793186151655,-26.33674872738532,44.07596291527944,49.47682163270295,102.35,-55.65,2.5706978027408943e-17,-1.5033890406375703
3025.0,182.96926676119847,127331.14097083375,6.065000927094e-09,-42.344456261345194,32.429066260956134,4.287951256501981,-55.492088375889075,102.35,-55.65,2.5509104918196287e-17,-1.059954237370246
3446.0,81.74219211750875,200904.09991689862,5.889827263119002e-09,53.465240059140534,-5.441103066690555,-8.146320459789415,-47.355574568870814,102.35,-55.65,2.4615939058678805e-17,-1.1727884317172212
3737.0,105.95889125064505,125828.1949643942,5.893319839089999e-09,-35.925756198531545,21.57925698863911,-50.15462053584618,-34.31570699632513,102.35,-55.65,2.3999029792334398e-17,-1.236427499669437
3788.0,101.31760269514531,7784.33475942524,5.459270027613833e-09,57.58577497512156,23.992385209569324,-5.93250822213993,29.890410622377466,102.35,-55.65,2.538135611961701e-17,-1.2947320715074706
4245.0,225.65106649565007,23064.84988499612,5.230620582583167e-09,-42.51182480038933,-15.028665725320936,1.2247268865626857,-27.882404159537995,102.35,-55.65,2.6096385787982082e-17,-1.3598812718046391
4562.0,173.05365090012896,22919489.025370948,6.071928985305666e-09,-15.259693222189632,20.213186988037698,-38.773267808005684,38.5250138797416,102.35,-55.65,2.4748528849259636e-17,-1.1104688994634868
4563.0,141.2577736301677,4995064.385985935,4.385837185006999e-09,36.861327972415964,-44.610965574814195,10.571283916429547,22.379180871080393,102.35,-55.65,3.4019263637982595e-17,-1.1162584390786665
4711.0,92.70199540523957,381279.4566637868,5.777320505277499e-09,26.859755941505657,-33.45636247485105,-38.35528074383043,-12.596427114162568,102.35,-55.65,2.479807183500819e-17,-1.2018142201283193
4747.0,73.01284360347879,11139421.673092932,2.8452391551282994e-08,-33.79837648978285,-56.26373304455431,38.77884925428368,8.026974844825693,102.35,-55.65,4.783737737421641e-18,-1.3837425140470885
4784.0,107.61331598576413,414260241.0743543,2.7609309256743503e-08,-34.439888998363756,22.93843442004864,3.1171695556328967,34.872786184647424,102.35,-55.65,5.188985312036144e-18,-1.2350490590396017
5013.0,120.21280261824417,1905052.7914587588,2.5179580570205503e-08,-29.196562883095904,-15.878111162293322,27.95974098241165,6.220355788954789,102.35,-55.65,5.322995127235884e-18,-1.4710047995647562
5418.0,133.97088940989104,13113.275958847686,5.4950273879339985e-09,-33.21096031013778,19.08142429975554,25.647362627600682,-3.9215162845485114,102.35,-55.65,2.5761588638457258e-17,-1.2363338488856908
5547.0,135.61373123834937,55374.680985221334,5.7500980887189985e-09,-0.6329991599686136,26.271764085501854,6.400952643642149,46.604906440966374,102.35,-55.65,2.4066097803135613e-17,-1.3037345659975652
5705.0,80.22831862026386,5869.692884563177,5.32749724821767e-09,33.11621575777903,24.394563714979853,-1.116020119717993,9.819547870952785,102.35,-55.65,2.49341809494726e-17,-1.5052041572676362
5977.0,87.80999658515645,56605227.6629818,2.8370598702626e-08,31.725133965159273,-12.912947237327124,46.14338020761105,7.137058646305464,102.35,-55.65,4.981414081322277e-18,-1.2650309697037498
6056.0,139.20011725219308,24089.085715294703,4.8237506902325014e-09,-5.017837179908695,-5.35345664262349,-12.875923068046106,17.07284484136701,102.35,-55.65,2.7919276545380504e-17,-1.4117251223598777
6177.0,70.76708667284102,158423.6021956016,5.814551955936002e-09,-48.74953179686617,-13.302360476932023,0.47882050159983913,-21.022538541328515,102.35,-55.65,2.352694512596791e-17,-1.3361399413946589
6933.0,84.87529556067258,11714.753408175826,6.3853704349750024e-09,32.77265840792805,-34.21288953523933,36.39627189999819,-49.37764884835235,102.35,-55.65,2.516241811799011e-17,-0.9908725841738781
6977.0,123.85786966230972,5053.522191139156,5.0663440245685986e-09,15.798486852158284,-18.639964705920303,-33.84181710836771,-53.20336996499648,102.35,-55.65,2.6921423495884826e-17,-1.3529236371560227
7238.0,112.36135610416079,99749.71299119812,5.114486369518998e-09,-31.916664938789943,-21.01976972743151,39.96426978670024,43.129815875682155,102.35,-55.65,2.5938103977786195e-17,-1.525448399584757
7602.0,66.16133535073314,12862399.802076975,2.5629694003930498e-08,-38.671947776058225,-11.703883089025929,-6.036382043807372,-15.362509625337687,102.35,-55.65,5.246254214883598e-18,-1.4370857656113178
7665.0,120.18576995535577,2143.6231546037898,2.0968938636187002e-08,23.704245820433233,50.22484287567736,-33.44084369434581,-18.875193462477625,102.35,-55.65,6.424916736979036e-18,-1.4363584365982238
7729.0,72.37366372968836,12686664.975183837,6.049377100224334e-09,32.05111641478831,-31.377074561304074,24.42578980590069,-38.68460293587669,102.35,-55.65,2.513710165898571e-17,-1.0769986433466108
7937.0,116.05481973644879,10635.488152801558,3.7857866571793e-08,-33.16908432390814,27.02381854846636,-10.125779267165468,-48.34046935101705,102.35,-55.65,3.834549895381126e-18,-1.2165871960960208
7965.0,71.19814187357348,153224.01841282047,2.624600966564533e-08,41.48688064059325,11.34537267163213,-7.3826516255521915,26.666712742060525,102.35,-55.65,5.246150777891995e-18,-1.3372083548970457
8053.0,128.48113803536071,8839470.978993166,5.746276326073002e-09,-24.923740013896396,-34.48068661846844,-52.53007665622163,-22.86788091043845,102.35,-55.65,2.3470597506104097e-17,-1.4056762826051477
8178.0,144.49200697374974,62640.24750751305,6.8141565360560015e-09,31.42793804843406,-19.50534034851227,-32.70524525977122,47.346240111929234,102.35,-55.65,2.2650558454792022e-17,-1.0619741805354592
8370.0,97.69071241581875,8499.41955486408,5.739288711042001e-09,26.897046761269372,-47.09249390095965,33.32254052113973,-6.214678577142015,102.35,-55.65,2.6103219862765287e-17,-1.1071829822600585
8563.0,198.51855434555205,33326.296055520994,8.393085193242502e-09,31.310378815466404,-29.334802131575177,31.361245456484045,51.745270770267766,102.35,-55.65,1.7008748299994625e-17,-1.2293022786037
9005.0,151.6614130709668,34990.273277281194,6.257537253124001e-09,-54.98852190183508,26.031833686287158,-0.6678303638437213,49.43130074452114,102.35,-55.65,2.4691415786877488e-17,-1.059620380668254
9173.0,234.24282269110446,24867688.222564332,5.375495383321249e-09,-45.79874081083869,-38.53333529040737,7.068486358561087,32.350031998690625,102.35,-55.65,2.4954076662305314e-17,-1.4446139462400804
9409.0,94.60786476512514,823594772.2066164,2.9277472056021746e-08,-19.003429905527536,-54.72262848257747,52.21052351358235,-9.786654871210894,102.35,-55.65,4.9613138046449255e-18,-1.2008745811150943
9451.0,148.13220117606787,194595.5866536952,5.733493871520502e-09,-14.536826019787377,-31.183961746037287,-45.96844639949161,21.47837721696375,102.35,-55.65,2.5210611222601664e-17,-1.18723715987464
9671.0,120.37706312549753,12680.34771933757,4.9994148616970036e-09,-30.527489630389415,-55.13117027123374,-38.44371406156678,6.832987724325771,102.35,-55.65,2.78389807364018e-17,-1.2818594030940507
9692.0,196.8936470658153,34425847.661970906,5.745803807803835e-09,-37.46683377791715,28.482989213464045,-39.156347329967865,-31.727253617571385,102.35,-55.65,2.497794021558027e-17,-1.2086764682799869
9705.0,115.9155430251123,278299.33132095693,6.0782901578754995e-09,-28.718468824563733,38.09554461350953,38.0618699559035,-37.94421452485467,102.35,-55.65,2.5851573727083052e-17,-1.027939104541047
9755.0,97.83194897707538,3237259.6040889854,5.9976516293960005e-09,-30.604462805947907,-5.968742358048977,-40.25355797102914,50.978598429524936,102.35,-55.65,2.5706776881825586e-17,-1.056470128085287
280.0,113.26125374604679,15742.291689811447,5.649604560285501e-09,38.030872447437005,1.4513307607463646,-8.06272685971956,-45.92944166873536,102.35,-55.65,2.4687066651367768e-17,-1.2762598784838675
811.0,75.57904583711998,129362152.2603072,3.7690585965478666e-08,-20.41216166225256,-4.183366293592647,-29.171790736922922,-5.088763436534644,102.35,-55.65,3.5694800674992815e-18,-1.447300146559247
906.0,106.58516222145154,951326.4970690036,3.4218716500981004e-08,-31.844807066462266,2.3272894458200786,43.14352884373901,51.83258102908446,102.35,-55.65,3.961985386414075e-18,-1.4169317594393407
1218.0,127.09927792245414,540109480.5543209,2.8530012803595e-08,40.31154654960325,29.301419342946737,-5.411353624224763,-54.47299439570992,102.35,-55.65,4.867089403290496e-18,-1.3274194174351637
1237.0,187.07531469057488,19293148.24667955,2.378788991844e-08,-17.929839730481046,-47.39062068068897,-41.67609997851653,-8.88830340646215,102.35,-55.65,5.774874431508101e-18,-1.3708370440463198
1589.0,93.57563370493972,82364513.52838258,2.772846607436834e-08,29.447923930720858,-28.753164782553178,-29.193709211648947,-48.57615995963485,102.35,-55.65,5.11900614081026e-18,-1.2546038735295428
1730.0,251.53791865304476,614761.3102170223,6.892928825509997e-09,-44.670009390434245,-16.244187952717464,-8.516366045820455,11.912865352485152,102.35,-55.65,1.9661870494574062e-17,-1.3980538296769245
1738.0,113.43961459789878,2015.353067997938,5.673334862372669e-09,-35.53664053147161,42.74737340176637,-31.949060615924296,-38.22064578095908,102.35,-55.65,2.6045286981010762e-17,-1.1359262128691707
2554.0,109.9471697919186,86189.0798227581,6.057325289639998e-09,-32.147521324041065,-2.822728694303798,38.92378792603249,-51.588335173463626,102.35,-55.65,2.5499355917634507e-17,-1.055063787996555
2758.0,65.81332291318822,1255576.138991759,6.1662205893380005e-09,15.649760772366056,-59.567872639309115,-42.379734934722094,13.234193998724626,102.35,-55.65,2.4937675424280543e-17,-1.0568037471573393
2775.0,66.0667562109904,728464.2483349001,5.532910949987501e-09,-10.714852754536196,-6.293707517300389,-32.93610518445171,9.352234913491134,102.35,-55.65,2.4765752184669595e-17,-1.328592800199228
3401.0,139.7121864242164,279468.8071675073,5.856048707507002e-09,-55.58100293022593,5.36465371682103,-0.001253882638741155,-42.838663403303144,102.35,-55.65,2.4980823433440088e-17,-1.1601597348831114
3925.0,129.24689561080152,6730945.24763192,5.152714402542331e-09,-0.927831392520323,-11.298228313366549,-11.942173899031541,-12.038011415654102,102.35,-55.65,2.5734786391628434e-17,-1.5336223768225103
3967.0,138.3401652716371,278920.0284806158,3.2851783236458196e-08,-20.925338393991332,43.32183581056375,-44.27725819454991,5.212430407826285,102.35,-55.65,4.527352390497779e-18,-1.1666075827299607
4122.0,161.36858815731884,357950.9717061071,3.1912639792181995e-08,-25.17221783520274,-30.7254946339028,52.99114784932389,41.17065407622645,102.35,-55.65,4.160436987807251e-18,-1.567238282324229
4453.0,138.2450031492349,679.1365883162332,5.1629976140590005e-09,-13.921171039992872,0.957987377293225,-44.60137847391739,-51.54632382751661,102.35,-55.65,2.5766407969887276e-17,-1.4965664688915687
4508.0,90.50615398577665,4093.677341525192,5.5412400528189995e-09,27.167565503339716,-8.115878372205811,41.401340324967,41.97839583497871,102.35,-55.65,2.4467318673852766e-17,-1.3754067066253108
4722.0,69.2663449369373,44785.60777461611,5.3741013086629996e-09,10.836249684183759,31.083875962749367,-3.195224972770111,40.21074638953293,102.35,-55.65,2.5728087888044556e-17,-1.2972312553525196
5281.0,132.46054654382272,82426.23752569323,5.586207842284501e-09,20.280859384262193,-43.03100433250433,28.910904907361473,6.7683580211729115,102.35,-55.65,2.5732683425056208e-17,-1.1980647103636584
5381.0,201.50206602521723,728915.855153087,1.7583188806304e-08,-25.528864057555122,-30.873261506626886,-39.375964725455624,-27.542372360505528,102.35,-55.65,7.550697118581195e-18,-1.554235580341025
5846.0,80.76114670426693,63875.55461481957,5.5689726265149996e-09,-29.36889967708851,42.98523554468652,34.493869645471705,42.462506543805,102.35,-55.65,2.616038851174924e-17,-1.1613164727143868
6190.0,93.10414196232658,44611.16154883483,5.254380297377499e-09,-35.60874276825856,-51.945212583384496,39.19651950458485,12.376645565179933,102.35,-55.65,2.5675253717632886e-17,-1.3987022587026576
6283.0,159.69960120326365,35304137.2416458,3.4143306341721706e-09,25.04720261578234,44.25642058393051,34.161790013076626,-4.425256294948708,102.35,-55.65,4.017035257687972e-17,-1.329707846109432
6727.0,67.85812844810296,14009038.582298204,5.6145728110659995e-09,38.4077737434836,31.03444358783868,10.60761203040856,-30.93161653241603,102.35,-55.65,2.4392788289408332e-17,-1.3309810852220731
6930.0,66.72142836887052,831508.3286743489,-2.3776980368999774e-10,-37.90502832054468,-35.13856386185393,29.85940969049196,-43.556152158489674,102.35,-55.65,-6.137208936369799e-16,
7063.0,102.337287325538,157722519.72119966,2.9013219828731004e-08,11.797392125404869,-40.085715906042324,5.5839729495603345,-48.17359860878395,102.35,-55.65,5.044816337176637e-18,-1.1861407618002142
7330.0,102.32591578030079,98252.40079126309,5.441997739855502e-09,-25.149346851044697,10.821639653702794,-41.763230501784534,-26.55788261829413,102.35,-55.65,2.5046172823310048e-17,-1.3540711473289517
7397.0,66.55839250241553,108246944.6325817,2.781111994381072e-08,-24.718863827816715,-17.590374831448283,31.201789263412643,-19.47015500098828,102.35,-55.65,5.0010827490803275e-18,-1.3037833116527646
7415.0,91.52079345653164,1001545.8156853219,5.772766726148001e-09,23.411015517099504,-21.045733660461703,-29.258657126416697,35.00215254312264,102.35,-55.65,2.5571229461653393e-17,-1.1354614337575193
7516.0,139.60657895363008,80274.77886828249,6.127266186405602e-09,-22.43299843349044,6.434567781067583,-44.65517139567881,52.2225756922624,102.35,-55.65,2.5636777785113153e-17,-1.0311721289008895
7595.0,76.76918367246924,71129.73360089428,5.132461915962163e-09,8.899877843459846,8.653207533800519,-4.1715624435323235,14.618442331380932,102.35,-55.65,2.596255732675408e-17,-1.474185610439513
7892.0,164.80034212419878,258338443.12760633,3.2912003165697003e-08,-21.360917209145345,-4.807806745509702,-41.21321984278825,45.18912341146467,102.35,-55.65,4.601590315579474e-18,-1.138573022098998
8305.0,88.55577583861991,13240.524156613074,5.460569710491934e-09,32.12337894867793,-16.98598502391707,-43.42202820230607,-29.839141295192945,102.35,-55.65,2.5460646625230505e-17,-1.28244635117767
8620.0,71.52177650464172,561048852.5464643,2.6748390708110575e-08,-11.54327630479913,17.751772164689957,-4.229920243428564,-43.417482749503634,102.35,-55.65,5.17856524340166e-18,-1.3175535319079628
8924.0,124.66774186987934,200465.88508413927,5.4095677484204e-09,-42.116082219938065,-11.812668751938771,10.266170350592452,-16.290012689579225,102.35,-55.65,2.5243084650946596e-17,-1.3492325266895973
9359.0,96.42481386753462,52784.431771674776,5.5619134024841716e-09,-37.47078049081206,-13.097505423623016,-31.822818248815384,10.042937215514776,102.35,-55.65,2.4883357687991947e-17,-1.2982095193367327
9808.0,136.09417054060606,126115.31501409563,5.699519409880001e-09,-19.503756732052526,-48.48889378717374,44.114929243919946,11.795722120546763,102.35,-55.65,2.4076267279267608e-17,-1.3327477226301083
83.0,114.11639399278906,1590.2011756285638,5.8567752507139986e-09,-15.861790072217723,44.87498668799671,40.51059489051913,-14.274594213873266,102.35,-55.65,2.5440421887529843e-17,-1.1199100498278647
148.0,113.40455620436036,410536.2778495548,6.1801414178115e-09,31.38472213207871,-52.87295108914259,27.64494079684291,-24.355005824664786,102.35,-55.65,2.526698319057468e-17,-1.0378252675097563
383.0,202.28264615367107,9622510.228201473,1.5060426849417498e-08,13.791638089993878,22.338211854644797,-34.62737859315116,34.17331806409906,102.35,-55.65,9.594500620361526e-18,-1.2154524915216758
487.0,84.17569357171676,50520402.98582123,2.6557899619435e-08,-30.710028907985023,17.36122146360174,32.70047070796879,7.159417803595588,102.35,-55.65,5.269700203105527e-18,-1.2896164712234715
609.0,145.08852274497775,20937.709917047687,5.328076871514331e-09,33.12213755808721,-13.10327935926218,30.64418316653961,-14.954031801571439,102.35,-55.65,2.6849615472470616e-17,-1.2103115383135634
706.0,125.78751305165416,7137.473683266049,5.386181779583003e-09,-15.108332707824552,-10.789688138438501,-39.911897182891884,17.051198036963818,102.35,-55.65,2.6122863899925926e-17,-1.2516390944142595
845.0,81.27178315151835,3379534.2918754662,2.665732800692899e-08,-13.457369875341529,-14.215576749121432,43.28395227199789,-11.317228156994972,102.35,-55.65,5.251799808920447e-18,-1.2878513067653323
896.0,160.66116413627788,3003418.123505563,6.3279303371885e-09,28.236410583823993,13.081843600325785,-35.66731816265158,11.878331425009318,102.35,-55.65,2.1928509339513622e-17,-1.2991415278824705
904.0,67.1288883198524,709765.812212686,5.2881152588039995e-09,35.448088799554895,27.77357295822057,-48.73239410254519,-28.32029027812887,102.35,-55.65,2.5259213780378392e-17,-1.454279108798202
975.0,95.71399598250305,21843589.77777128,2.7308946670761165e-08,-31.816812588450492,-2.1895687674336672,1.6665497754729,-46.269262983797226,102.35,-55.65,5.144227204570539e-18,-1.2828248125119173
1223.0,98.03995313195918,187518.11098225138,2.9358758038353997e-08,-4.73061738620091,-27.601744051040228,8.499951216329,-53.86930283120922,102.35,-55.65,4.8891362768968605e-18,-1.2295008703370536
2096.0,145.40631415550675,85658.50613896412,3.5286987784454004e-08,36.32804030827417,-26.07522840237584,-39.37490354757189,47.49364202146268,102.35,-55.65,4.528223327407281e-18,-1.0474913064102227
2156.0,98.99746365219174,2341458.62897113,5.938259127100003e-09,-36.32777799843054,32.37517100663908,30.716385870087834,-38.27715237359676,102.35,-55.65,2.6173689037902842e-17,-1.0431387067591864
3892.0,124.25774927597085,27856738.39031868,3.6119175229632995e-08,-34.78605883499956,-13.724874967551433,-41.10304293093074,46.60188341962868,102.35,-55.65,4.218328477532251e-18,-1.1208201035138114
4108.0,100.97254644551224,52308.998562682274,5.8265167801630025e-09,-41.11205477754578,-2.206788983377786,-11.584259913537782,47.973626556714734,102.35,-55.65,2.4905587563568057e-17,-1.17322615227303
4240.0,177.10281190891988,46844.22598084037,3.366379462841001e-09,28.612376241633147,-28.83561531079126,-51.63519070521043,-39.392619485331274,102.35,-55.65,4.1934386449711925e-17,-1.2408851631258366
4391.0,73.68539694419033,38345886.94587231,2.6328656614339004e-08,20.180783136702367,49.64607188655489,-35.95111799645673,-2.409235312444014,102.35,-55.65,5.2224608433732045e-18,-1.342969993610717
5408.0,69.16671483367526,61524.70020807037,5.729820815301999e-09,51.04436497754163,-13.762268887951095,6.880663205400594,14.37754640704905,102.35,-55.65,2.4984222608433808e-17,-1.2002777954217805
5430.0,138.9910908425287,131509.31598321354,5.450496486103002e-09,-18.271830569019205,38.88228978414002,43.84038926070227,52.24438000615635,102.35,-55.65,2.584833233039805e-17,-1.2496263018693556
5646.0,78.24499060699449,8243.532092403604,5.338361448224164e-09,22.80418623322865,14.251903739256637,34.22897936073581,25.48498351873787,102.35,-55.65,2.4860651872962448e-17,-1.5159962087025347
6174.0,151.7331940716858,5162608.000995969,5.621344837245334e-09,-15.127710499417157,-52.42687810297954,-38.58114283635517,26.22640395198356,102.35,-55.65,2.6041660622714353e-17,-1.1593292019511432
6352.0,132.78805210519465,50375.94813370225,6.222732390647399e-09,-19.39655516130415,-7.8142739463212045,39.892274021648305,2.89632997871822,102.35,-55.65,2.189454912625415e-17,-1.3613683474951983
6533.0,88.46257558756665,87263072.79063055,2.7483614953863e-08,21.68955882531926,16.01224662404109,-37.701866999229786,-18.42145287355759,102.35,-55.65,4.8532758910672495e-18,-1.4983342052943571
6714.0,159.7010531895597,22798176.51156264,3.6884686025603e-08,29.103177367567216,-7.703341351550353,-46.18711881041823,-43.86281678331238,102.35,-55.65,3.683806994045917e-18,-1.4249235111955363
6777.0,211.06027176434267,199336025.43906906,3.667696502865525e-08,-31.030288794755453,-15.739866289441817,0.9795073210314538,22.482701671504657,102.35,-55.65,3.657653028749e-18,-1.5016281393605289
7175.0,137.481805490432,55163.848177046384,5.368427076404995e-09,-29.612984770184394,-1.9400717110078618,39.666116982748186,-9.64122986008433,102.35,-55.65,2.6178395420695447e-17,-1.2561468038351815
7322.0,185.02003105262668,11186343.646695413,1.1671491294566997e-08,4.481369096882206,-48.55081331078615,6.084109118698036,8.287719421185283,102.35,-55.65,1.1959573539644908e-17,-1.2965114099485828
7341.0,78.33909744312685,16482.32129803945,5.117735663561999e-09,-30.318173511589045,-9.653013354697965,-25.19039763277591,-40.49885711004,102.35,-55.65,2.619530547860953e-17,-1.4313325031753028
7368.0,180.19939379596525,2945751.269321876,1.1815203813012503e-08,39.25120299278588,44.410595511307555,-1.9677722716462391,-13.0096077020103,102.35,-55.65,1.1232337019110336e-17,-1.5445315063758316
7430.0,132.25391048919494,20263.140924269162,5.6173752437159995e-09,-4.472450493335079,45.48307065365754,6.873733392541985,-18.24048094112331,102.35,-55.65,2.4986797175252726e-17,-1.2597936091278665
7535.0,69.86944333738897,118139.2115969709,2.5292725384603994e-08,1.63347518399069,48.01978988987285,-12.65626020853398,-17.102900805453373,102.35,-55.65,5.454299701556971e-18,-1.3293160334995207
7756.0,127.0215912596221,124696.43198156747,3.863370748885451e-08,-22.666501714876333,54.753371607603356,53.79700909783656,-23.136196186445947,102.35,-55.65,4.162696934173027e-18,-1.0362570041019348
7922.0,76.8560679842111,19668.962373822455,5.5540737027539986e-09,31.690780406132905,29.580180197854038,3.309378717891163,-10.721355450260468,102.35,-55.65,2.391969108940416e-17,-1.5039263521299178
8105.0,98.04537638097487,8724.66656715966,5.829827094382596e-09,-2.513865986576103,26.374819781439836,13.1880783632369,-9.004248203553319,102.35,-55.65,2.329240574975979e-17,-1.370166676770447
8677.0,97.2988211439382,16621.265592853102,5.459959205268198e-09,50.49533143488016,17.604404254049044,10.281882439123182,-18.432777516784842,102.35,-55.65,2.514277631719233e-17,-1.326087570643822
8942.0,111.79043190324381,387587249.01673985,3.1006281408616496e-08,25.655215124885856,-32.48131951254774,-29.804314225784005,11.683375387703718,102.35,-55.65,4.683252180694344e-18,-1.20813105600837
8951.0,99.4574994894115,795646.3310048096,5.819066109933999e-09,40.23834565925913,-26.735150130631947,39.46682482714923,34.644131033742056,102.35,-55.65,2.4707154776700637e-17,-1.1943408161346656
9061.0,149.06470712621098,12478.047290483903,5.459924710449999e-09,-23.19354332804066,-20.898305191854636,-37.38880014753081,-1.7713876899968892,102.35,-55.65,2.484526474797206e-17,-1.379640084462805
9129.0,155.7265935662682,152889.97007586676,1.0809588377237998e-08,-33.24988664015483,34.728954752543856,37.48212713296835,-26.280375619809604,102.35,-55.65,1.4211974469958225e-17,-1.0797543468512703
9336.0,183.6875020531353,16233.1583455248,4.1180220080051e-08,37.52627469245149,-32.090255319108046,-39.83937698481991,21.414617972766422,102.35,-55.65,3.72567170278677e-18,-1.1290695434790325
9772.0,68.76999549729632,18208.905416660436,1.5910340757468002e-08,6.952041063499357,19.55470795198855,-7.601082046319166,18.92981812133558,102.35,-55.65,8.4590408295162e-18,-1.4230939941094038
333.0,135.0637987966571,3483534.308578882,3.5299579669445e-08,-22.87986685712847,7.274099694303781,-51.94047243427711,51.31423134341066,102.35,-55.65,4.534713111126731e-18,-1.0422021483050736
451.0,93.41312588231695,1532973.3225054257,2.6842973415299336e-08,-47.96213940190581,-17.90862735906969,13.28037698945306,-34.576205179419624,102.35,-55.65,5.235186686501485e-18,-1.2808045237131611
560.0,134.62858174287658,119471.85749489763,2.9231215409772326e-08,-31.7110341217888,-3.2028747157685498,-4.691244300189602,37.281691322786095,102.35,-55.65,4.754324531796813e-18,-1.3274737705497275
729.0,137.0867974987772,1725018.3715453285,1.0192616452440998e-08,50.39178886029398,44.308821886452655,-5.4421582275783855,23.115072661698203,102.35,-55.65,1.3201678752799165e-17,-1.4288608343492248
1031.0,127.02629969174363,607234230.8295535,2.9327728302103997e-08,-28.02275402519786,11.168752493031418,-45.96153201337253,-34.96349150455279,102.35,-55.65,4.6590696856369e-18,-1.3847909501100102
1142.0,134.49129043366435,1478978.5570265816,5.480611867686998e-09,7.852724625246087,-17.441674101909854,1.8464372882846845,-23.429079021959428,102.35,-55.65,2.4753742918713585e-17,-1.3777355617460745
1788.0,266.3337235147902,18801.426002496093,7.4393622212309976e-09,-52.40428293418822,25.90381832652991,1.264825608841062,-3.7485555166278566,102.35,-55.65,1.985907972044923e-17,-1.156214666278975
1957.0,131.35470736799343,57818.09350823358,3.1355898340656e-08,53.15957532962301,6.2943349508915105,-1.4038648872938375,51.23901572017211,102.35,-55.65,4.620743912785779e-18,-1.2187418316247485
2047.0,106.82323164945375,43894.96324591114,5.4076650253141655e-09,46.368714656923245,21.77462946908694,-12.112178588826048,19.95347945466348,102.35,-55.65,2.5256500251737978e-17,-1.3464310392136722
2088.0,131.79816786118872,116667846.97150487,3.233543269271575e-08,25.07553958213049,-26.41642668893967,-51.17195155893338,22.13195972887596,102.35,-55.65,4.70404164869443e-18,-1.122065654131382
2161.0,168.3776126110845,478515753.0040291,3.3454298072449996e-08,-19.385329646800457,-43.89306258466423,-47.63932751614626,7.041180581957535,102.35,-55.65,4.230113584799143e-18,-1.2882484731988753
2368.0,67.07704028118617,610569121.7032235,2.6134655595955568e-08,-45.17783304281117,-21.76266680272803,7.182117887943175,37.061751230027156,102.35,-55.65,5.207062955841242e-18,-1.3804499857119217
2379.0,76.17690398983231,89885.4037847598,5.322159069850503e-09,-45.67228805913211,-29.495405140008895,8.580148964945018,44.627065308957164,102.35,-55.65,2.5627511830655618e-17,-1.3475804042977837
2650.0,98.58903985591988,1155561.3266227716,6.329883816360002e-09,-23.42123275952824,23.3130688420807,47.406223972125936,-35.16389586689463,102.35,-55.65,2.4383270696885222e-17,-1.0554666783460442
4487.0,176.81007724168927,706011.1148427278,5.107487000100999e-09,-50.26818423152101,-12.892701029029606,10.44539545349034,13.605769091404836,102.35,-55.65,2.6626944746818435e-17,-1.3703363039306748
5457.0,81.92836465545207,323519.7831083565,6.427744312131999e-09,-36.33422670137205,24.952164182458766,9.396483330607191,24.90207868184587,102.35,-55.65,2.2172263649060505e-17,-1.214528591755253
5719.0,220.41337734339868,2403.449457876562,6.726278274678001e-09,23.184785611959303,-7.240240420994405,48.730032126980184,-6.696586872792344,102.35,-55.65,2.118867973264284e-17,-1.2309726310455833
5959.0,69.20995729880167,1721683.4073517732,2.575359662251285e-08,-16.339439316424947,21.294233748336026,-46.994521892412,-39.86234044131856,102.35,-55.65,5.286719201298095e-18,-1.378771347398437
6140.0,71.07363069429995,1133.1513908662318,3.6678211545463003e-08,-34.8678657963495,21.66606298064943,-7.552442483549073,-4.073044330169563,102.35,-55.65,3.832376544195459e-18,-1.281118000868422
6391.0,107.08122457265452,162749434.54926586,2.818742337502725e-08,13.045401787566416,-52.842655732745776,-39.263745719282866,-22.36302986388364,102.35,-55.65,5.110807232281626e-18,-1.2222360907010754
6879.0,138.32811847914425,35809.565836047055,5.541768855627999e-09,-35.341295530927894,2.4347193303969834,-34.687391907784516,-48.06600231792063,102.35,-55.65,2.4632783974494776e-17,-1.3523946125795332
7363.0,130.45649715119092,88171395.68363678,3.124677213386757e-08,-42.45674510121704,26.973856834642067,-1.2660111427858958,34.83040369689515,102.35,-55.65,4.725569615325631e-18,-1.177492392916917
7549.0,75.90986698886576,283968.9536073359,5.462037415862335e-09,-31.2631472742402,-40.00198013646512,-8.807975666938871,-51.37623764493652,102.35,-55.65,2.5124827473150535e-17,-1.3243980980033307
7556.0,105.89621294062601,61200169.75703316,5.662181489985597e-09,-36.36817955752985,-35.3247121841056,34.47351379082835,-34.79361731511544,102.35,-55.65,2.5516479431358863e-17,-1.1833782900264647
7824.0,111.77761228854912,318306.48297358886,5.545977690279503e-09,-9.217460550482498,54.51588688218363,-7.261965119984744,-10.700286265765895,102.35,-55.65,2.5731758077292193e-17,-1.2132634045633743
7981.0,122.6230672837674,6165445.045162605,5.665356702766e-09,-37.45906523122969,35.47514278574493,-38.287852934846605,-21.56779764630721,102.35,-55.65,2.5842614540986508e-17,-1.1560801675653718
8175.0,85.42210505263034,2559987.6092910203,2.7987250064056428e-08,-48.92528399645471,20.603251348069346,-6.703248392338699,10.152832003122757,102.35,-55.65,5.189931469434818e-18,-1.196990121967217
8191.0,135.42086340358105,131665.73726076368,5.9857242026835025e-09,36.014179006730444,-43.83628554829542,-43.99155010042865,-25.57805844971449,102.35,-55.65,2.4902106759865164e-17,-1.1218653873613436
8732.0,130.33881860541464,218585.96224793448,4.656389234782998e-09,37.41211846221887,12.695864406453945,-41.68704919244898,6.011170079197515,102.35,-55.65,3.001438418306301e-17,-1.2694287619140903
8785.0,126.8771428695211,437675.5230572611,5.854911734718003e-09,-24.568667853844055,-47.059659614154675,38.79651904374487,-6.96735791907156,102.35,-55.65,2.3747515173043583e-17,-1.2878772542287418
8841.0,171.42474451068975,95253.61117815167,8.691892736800501e-09,1.4168729230355361,51.485375110945235,-8.73580623142021,-8.969199008406058,102.35,-55.65,1.596938421448141e-17,-1.3053978077109476
8987.0,109.34994174125325,2693464.8694053586,4.827995580046998e-09,-2.125668089423322,-4.67502927087275,12.515147425241716,-32.761469826007605,102.35,-55.65,2.851317674495655e-17,-1.3160852997842358
9094.0,139.35195227480668,115140400.95845674,3.1889357084789996e-08,-38.824218641197696,-38.22011938309933,-35.047082640454434,35.43415646450571,102.35,-55.65,4.543472429243471e-18,-1.2213477253526424
9157.0,86.52310717890727,108666350.18835323,2.9405479125190164e-08,33.237943728096674,-48.45137956408543,2.8813737592873023,-10.06144584428207,102.35,-55.65,5.079057657411071e-18,-1.1408162998554334
9332.0,92.09220964858639,24724415.094802007,2.7264321595594163e-08,34.33084751792136,-10.997051161868306,-43.37368391282491,-27.715794533168644,102.35,-55.65,5.0718267667028754e-18,-1.3300765307309188
9890.0,75.99384917392956,4287405.978103725,2.9012676814442163e-08,-21.044255617978482,15.758683913486541,-40.94894805419065,18.881067012913796,102.35,-55.65,4.991141826833979e-18,-1.2018726087993221
